datetime,sky,temperature,wind_direction,wind_velocity,p
1/1/2016 00:00,"ясно, без осадков",-21,СВ,3 м/с,738
1/1/2016 03:00,"ясно, без осадков",-22,ВСВ,3 м/с,738
1/1/2016 06:00,"малооблачно, без осадков",-21,ВСВ,3 м/с,737
1/1/2016 09:00,"ясно, без осадков",-20,СВ,4 м/с,735
1/1/2016 12:00,"пасмурно, без осадков",-19,ВСВ,5 м/с,734
1/1/2016 15:00,"пасмурно, сильный снег",-17,ВСВ,6 м/с,732
1/1/2016 18:00,"пасмурно, слабый снег",-18,ВСВ,6 м/с,733
1/1/2016 21:00,"пасмурно, без осадков",-19,СВ,7 м/с,734
1/1/2016 24:00,"пасмурно, слабый снег",-20,СВ,4 м/с,735
2/1/2016 00:00,"пасмурно, слабый снег",-20,СВ,4 м/с,735
2/1/2016 03:00,"пасмурно, без осадков",-19,ВСВ,4 м/с,736
2/1/2016 06:00,"пасмурно, слабый снег",-17,ВСВ,4 м/с,736
2/1/2016 09:00,"пасмурно, слабый снег",-17,ВСВ,3 м/с,736
2/1/2016 12:00,"пасмурно, без осадков",-16,ВСВ,3 м/с,738
2/1/2016 15:00,"ясно, без осадков",-15,СВ,2 м/с,738
2/1/2016 18:00,"ясно, без осадков",-18,ВСВ,4 м/с,740
2/1/2016 21:00,"ясно, без осадков",-20,СВ,3 м/с,740
2/1/2016 24:00,"ясно, без осадков",-22,ВСВ,2 м/с,741
3/1/2016 00:00,"ясно, без осадков",-22,ВСВ,2 м/с,741
3/1/2016 03:00,"пасмурно, без осадков",-21,СВ,4 м/с,741
3/1/2016 06:00,"малооблачно, без осадков",-21,СВ,4 м/с,741
3/1/2016 09:00,"малооблачно, без осадков",-20,ВСВ,5 м/с,740
3/1/2016 12:00,"облачно, без осадков",-18,ВСВ,4 м/с,740
3/1/2016 15:00,"малооблачно, без осадков",-17,ВСВ,4 м/с,739
3/1/2016 18:00,"малооблачно, без осадков",-20,ВСВ,4 м/с,739
3/1/2016 21:00,"облачно, без осадков",-19,ВСВ,4 м/с,739
3/1/2016 24:00,"пасмурно, без осадков",-15,ВСВ,2 м/с,738
4/1/2016 00:00,"пасмурно, без осадков",-15,ВСВ,2 м/с,738
4/1/2016 03:00,"пасмурно, без осадков",-12,В,2 м/с,737
4/1/2016 06:00,"пасмурно, без осадков",-13,СВ,2 м/с,737
4/1/2016 09:00,"пасмурно, без осадков",-13,СВ,1 м/с,737
4/1/2016 12:00,"пасмурно, без осадков",-13,СВ,2 м/с,738
4/1/2016 15:00,"пасмурно, без осадков",-11,ВСВ,1 м/с,738
4/1/2016 18:00,"пасмурно, без осадков",-13,СЗ,4 м/с,738
4/1/2016 21:00,"пасмурно, без осадков",-17,ССВ,3 м/с,739
4/1/2016 24:00,"пасмурно, без осадков",-18,СВ,3 м/с,739
5/1/2016 00:00,"пасмурно, без осадков",-18,СВ,3 м/с,739
5/1/2016 03:00,"пасмурно, без осадков",-18,СВ,3 м/с,738
5/1/2016 06:00,"пасмурно, без осадков",-17,СВ,3 м/с,738
5/1/2016 09:00,"пасмурно, слабый снег",-16,СВ,3 м/с,738
5/1/2016 12:00,"пасмурно, слабый снег",-16,ВСВ,4 м/с,737
5/1/2016 15:00,"пасмурно, слабый снег",-13,ВСВ,2 м/с,737
5/1/2016 18:00,"пасмурно, слабый снег",-13,СВ,1 м/с,737
5/1/2016 21:00,"пасмурно, слабый снег",-15,СВ,2 м/с,737
5/1/2016 24:00,"пасмурно, без осадков",-17,штиль,0 м/с,737
6/1/2016 00:00,"пасмурно, без осадков",-17,штиль,0 м/с,737
6/1/2016 03:00,"пасмурно, без осадков",-17,ЗЮЗ,1 м/с,736
6/1/2016 06:00,"пасмурно, слабый снег",-16,ЗЮЗ,1 м/с,736
6/1/2016 09:00,"пасмурно, слабый снег",-18,Ю,3 м/с,736
6/1/2016 12:00,"пасмурно, без осадков",-19,ЗЮЗ,3 м/с,736
6/1/2016 15:00,"малооблачно, без осадков",-18,ЮЮЗ,1 м/с,735
6/1/2016 18:00,"пасмурно, без осадков",-20,Ю,2 м/с,735
6/1/2016 21:00,"пасмурно, без осадков",-19,ЮЗ,1 м/с,734
6/1/2016 24:00,"пасмурно, без осадков",-20,ЮЮЗ,2 м/с,734
7/1/2016 00:00,"пасмурно, без осадков",-20,ЮЮЗ,2 м/с,734
7/1/2016 03:00,"облачно, слабый снег",-21,Ю,2 м/с,734
7/1/2016 06:00,"облачно, слабый снег",-21,Ю,1 м/с,734
7/1/2016 09:00,"пасмурно, слабый снег",-22,С,1 м/с,734
7/1/2016 12:00,"облачно, слабый снег",-19,ЮЮЗ,1 м/с,734
7/1/2016 15:00,"облачно, слабый снег",-18,С,2 м/с,734
7/1/2016 18:00,"малооблачно, без осадков",-21,СВ,1 м/с,734
7/1/2016 21:00,"облачно, без осадков",-23,СВ,1 м/с,735
7/1/2016 24:00,"облачно, без осадков",-25,С,2 м/с,735
8/1/2016 00:00,"облачно, без осадков",-25,С,2 м/с,735
8/1/2016 03:00,"пасмурно, без осадков",-26,СВ,3 м/с,736
8/1/2016 06:00,"малооблачно, без осадков",-26,СВ,2 м/с,737
8/1/2016 09:00,"ясно, без осадков",-26,СВ,2 м/с,738
8/1/2016 12:00,"малооблачно, без осадков",-24,СВ,2 м/с,740
8/1/2016 15:00,"малооблачно, без осадков",-21,СВ,3 м/с,740
8/1/2016 18:00,"ясно, без осадков",-25,СВ,2 м/с,741
8/1/2016 21:00,"ясно, без осадков",-24,штиль,0 м/с,742
8/1/2016 24:00,"ясно, без осадков",-24,штиль,0 м/с,742
9/1/2016 00:00,"ясно, без осадков",-24,штиль,0 м/с,742
9/1/2016 03:00,"ясно, без осадков",-26,СВ,2 м/с,742
9/1/2016 06:00,"ясно, без осадков",-24,штиль,0 м/с,743
9/1/2016 09:00,"ясно, без осадков",-23,штиль,0 м/с,743
9/1/2016 12:00,"ясно, без осадков",-16,ВСВ,1 м/с,743
9/1/2016 15:00,"ясно, без осадков",-12,ВСВ,2 м/с,742
9/1/2016 18:00,"ясно, без осадков",-14,ВСВ,2 м/с,742
9/1/2016 21:00,"ясно, без осадков",-18,ВСВ,1 м/с,742
9/1/2016 24:00,"ясно, без осадков",-13,В,3 м/с,740
10/1/2016 00:00,"ясно, без осадков",-13,В,3 м/с,740
10/1/2016 03:00,"ясно, без осадков",-13,ЮЮВ,2 м/с,740
10/1/2016 06:00,"ясно, без осадков",-13,ВЮВ,1 м/с,739
10/1/2016 09:00,"ясно, без осадков",-13,ВСВ,1 м/с,739
10/1/2016 12:00,"пасмурно, без осадков",-10,В,1 м/с,738
10/1/2016 15:00,"пасмурно, без осадков",-7,ЮВ,2 м/с,736
10/1/2016 18:00,"пасмурно, без осадков",-7,В,2 м/с,736
10/1/2016 21:00,"пасмурно, без осадков",-5,ЮЮВ,2 м/с,735
10/1/2016 24:00,"пасмурно, без осадков",-6,Ю,3 м/с,734
11/1/2016 00:00,"пасмурно, без осадков",-6,Ю,3 м/с,734
11/1/2016 03:00,"пасмурно, без осадков",-4,В,2 м/с,732
11/1/2016 06:00,"пасмурно, без осадков",-5,ВЮВ,2 м/с,731
11/1/2016 09:00,"пасмурно, без осадков",-4,Ю,3 м/с,730
11/1/2016 12:00,"пасмурно, без осадков",-1,ВЮВ,2 м/с,728
11/1/2016 15:00,"пасмурно, слабые осадки",+0,ЮЮВ,2 м/с,727
11/1/2016 18:00,"пасмурно, без осадков",+2,Ю,4 м/с,727
11/1/2016 21:00,"пасмурно, без осадков",+0,ЮЮЗ,5 м/с,726
11/1/2016 24:00,"пасмурно, слабый дождь",+2,ЮЮЗ,6 м/с,725
12/1/2016 00:00,"пасмурно, слабый дождь",+2,ЮЮЗ,6 м/с,725
12/1/2016 03:00,"пасмурно, без осадков",-1,ЮЮЗ,5 м/с,727
12/1/2016 06:00,"пасмурно, слабый снег",-4,ЮЮЗ,4 м/с,730
12/1/2016 09:00,"пасмурно, слабый снег",-3,Ю,5 м/с,731
12/1/2016 12:00,"пасмурно, без осадков",-3,Ю,4 м/с,730
12/1/2016 15:00,"пасмурно, слабый снег",-0,ЮЗ,11 м/с,729
12/1/2016 18:00,"пасмурно, слабый снег",-0,Ю,11 м/с,728
12/1/2016 21:00,"пасмурно, слабый снег",-4,ЮЮЗ,3 м/с,729
12/1/2016 24:00,"пасмурно, слабый снег",-9,ЮЗ,3 м/с,730
13/1/2016 00:00,"пасмурно, слабый снег",-9,ЮЗ,3 м/с,730
13/1/2016 03:00,"малооблачно, без осадков",-11,З,7 м/с,732
13/1/2016 06:00,"ясно, без осадков",-15,ЮЗ,2 м/с,734
13/1/2016 09:00,"пасмурно, слабый снег",-15,ЮЮЗ,3 м/с,734
13/1/2016 12:00,"пасмурно, слабый снег",-15,ЮЗ,4 м/с,735
13/1/2016 15:00,"пасмурно, слабый снег",-13,ЗЮЗ,3 м/с,736
13/1/2016 18:00,"пасмурно, без осадков",-15,ЗЮЗ,2 м/с,737
13/1/2016 21:00,"ясно, без осадков",-18,ЮЗ,2 м/с,738
13/1/2016 24:00,"ясно, без осадков",-20,ЮЮЗ,1 м/с,739
14/1/2016 00:00,"ясно, без осадков",-20,ЮЮЗ,1 м/с,739
14/1/2016 03:00,"ясно, без осадков",-21,штиль,0 м/с,740
14/1/2016 06:00,"ясно, без осадков",-22,ЮЗ,1 м/с,740
14/1/2016 09:00,"пасмурно, без осадков",-19,ЮЗ,1 м/с,741
14/1/2016 12:00,"пасмурно, снег",-18,ЮЗ,1 м/с,741
14/1/2016 15:00,"пасмурно, снег",-16,ЮЮЗ,1 м/с,741
14/1/2016 18:00,"малооблачно, без осадков",-17,штиль,0 м/с,741
14/1/2016 21:00,"ясно, без осадков",-18,штиль,0 м/с,741
14/1/2016 24:00,"ясно, без осадков",-18,Ю,1 м/с,741
15/1/2016 00:00,"ясно, без осадков",-18,Ю,1 м/с,741
15/1/2016 03:00,"ясно, без осадков",-19,штиль,0 м/с,741
15/1/2016 06:00,"ясно, без осадков",-19,Ю,1 м/с,741
15/1/2016 09:00,"малооблачно, без осадков",-16,ЮЮВ,1 м/с,741
15/1/2016 12:00,"малооблачно, без осадков",-13,В,1 м/с,741
15/1/2016 15:00,"малооблачно, без осадков",-10,В,2 м/с,740
15/1/2016 18:00,"малооблачно, без осадков",-10,В,2 м/с,740
15/1/2016 21:00,"малооблачно, без осадков",-12,ВЮВ,2 м/с,739
15/1/2016 24:00,"малооблачно, без осадков",-11,В,3 м/с,737
16/1/2016 00:00,"малооблачно, без осадков",-11,В,3 м/с,737
16/1/2016 03:00,"облачно, без осадков",-11,ЮЮВ,2 м/с,736
16/1/2016 06:00,"малооблачно, без осадков",-10,В,1 м/с,735
16/1/2016 09:00,"облачно, без осадков",-10,ЮВ,2 м/с,734
16/1/2016 12:00,"пасмурно, без осадков",-8,Ю,2 м/с,733
16/1/2016 15:00,"пасмурно, без осадков",-6,В,2 м/с,731
16/1/2016 18:00,"пасмурно, без осадков",-6,В,2 м/с,730
16/1/2016 21:00,"пасмурно, слабый снег",-7,В,2 м/с,728
16/1/2016 24:00,"пасмурно, слабый снег",-6,ВЮВ,2 м/с,727
17/1/2016 00:00,"пасмурно, слабый снег",-6,ВЮВ,2 м/с,727
17/1/2016 03:00,"пасмурно, слабый снег",-6,ЮВ,1 м/с,726
17/1/2016 06:00,"пасмурно, слабый снег",-6,ЮВ,1 м/с,725
17/1/2016 09:00,"пасмурно, слабый снег",-8,ЮЮВ,1 м/с,725
17/1/2016 12:00,"пасмурно, слабый снег",-12,ЮЮЗ,3 м/с,727
17/1/2016 15:00,"пасмурно, слабый снег",-12,ЗЮЗ,4 м/с,728
17/1/2016 18:00,"пасмурно, слабый снег",-15,З,6 м/с,731
17/1/2016 21:00,"пасмурно, без осадков",-16,штиль,0 м/с,733
17/1/2016 24:00,"ясно, без осадков",-18,ССВ,1 м/с,735
18/1/2016 00:00,"ясно, без осадков",-18,ССВ,1 м/с,735
18/1/2016 03:00,"ясно, без осадков",-22,СВ,3 м/с,737
18/1/2016 06:00,"ясно, без осадков",-23,ЗСЗ,2 м/с,740
18/1/2016 09:00,"ясно, без осадков",-24,С,1 м/с,742
18/1/2016 12:00,"ясно, без осадков",-22,СЗ,2 м/с,743
18/1/2016 15:00,"ясно, без осадков",-20,С,2 м/с,744
18/1/2016 18:00,"ясно, без осадков",-22,ССЗ,1 м/с,746
18/1/2016 21:00,"пасмурно, без осадков",-22,штиль,0 м/с,747
18/1/2016 24:00,"ясно, без осадков",-24,ЮЮЗ,1 м/с,747
19/1/2016 00:00,"ясно, без осадков",-24,ЮЮЗ,1 м/с,747
19/1/2016 03:00,"ясно, без осадков",-25,штиль,0 м/с,747
19/1/2016 06:00,"ясно, без осадков",-24,штиль,0 м/с,747
19/1/2016 09:00,"ясно, без осадков",-24,штиль,0 м/с,748
19/1/2016 12:00,"ясно, без осадков",-19,штиль,0 м/с,748
19/1/2016 15:00,"ясно, без осадков",-17,штиль,0 м/с,748
19/1/2016 18:00,"ясно, без осадков",-17,СВ,2 м/с,748
19/1/2016 21:00,"ясно, без осадков",-20,ВСВ,1 м/с,749
19/1/2016 24:00,"ясно, без осадков",-21,ВСВ,1 м/с,748
20/1/2016 00:00,"ясно, без осадков",-21,ВСВ,1 м/с,748
20/1/2016 03:00,"ясно, без осадков",-19,штиль,0 м/с,748
20/1/2016 06:00,"ясно, без осадков",-18,штиль,0 м/с,748
20/1/2016 09:00,"ясно, без осадков",-18,ВСВ,2 м/с,748
20/1/2016 12:00,"ясно, без осадков",-15,ЮЮВ,2 м/с,749
20/1/2016 15:00,"ясно, без осадков",-13,ЮЮВ,3 м/с,748
20/1/2016 18:00,"ясно, без осадков",-13,ВСВ,3 м/с,748
20/1/2016 21:00,"ясно, без осадков",-14,ВЮВ,4 м/с,748
20/1/2016 24:00,"ясно, без осадков",-14,СВ,3 м/с,748
21/1/2016 00:00,"ясно, без осадков",-14,СВ,3 м/с,748
21/1/2016 03:00,"ясно, без осадков",-13,В,3 м/с,747
21/1/2016 06:00,"ясно, без осадков",-13,ЮЮВ,3 м/с,747
21/1/2016 09:00,"ясно, без осадков",-13,Ю,2 м/с,747
21/1/2016 12:00,"ясно, без осадков",-10,Ю,3 м/с,747
21/1/2016 15:00,"ясно, без осадков",-8,Ю,3 м/с,747
21/1/2016 18:00,"малооблачно, без осадков",-9,ВЮВ,2 м/с,747
21/1/2016 21:00,"малооблачно, без осадков",-10,ЮЮВ,2 м/с,747
21/1/2016 24:00,"малооблачно, без осадков",-11,Ю,1 м/с,747
22/1/2016 00:00,"малооблачно, без осадков",-11,Ю,1 м/с,747
22/1/2016 03:00,"малооблачно, без осадков",-11,Ю,3 м/с,747
22/1/2016 06:00,"малооблачно, без осадков",-12,Ю,1 м/с,748
22/1/2016 09:00,"малооблачно, без осадков",-11,Ю,1 м/с,748
22/1/2016 12:00,"малооблачно, без осадков",-9,Ю,1 м/с,748
22/1/2016 15:00,"малооблачно, без осадков",-5,штиль,0 м/с,748
22/1/2016 18:00,"малооблачно, без осадков",-10,ССВ,1 м/с,748
22/1/2016 21:00,"малооблачно, без осадков",-11,В,4 м/с,747
22/1/2016 24:00,"малооблачно, без осадков",-13,ВСВ,4 м/с,747
23/1/2016 00:00,"малооблачно, без осадков",-13,ВСВ,4 м/с,747
23/1/2016 03:00,"малооблачно, без осадков",-15,ВСВ,5 м/с,747
23/1/2016 06:00,"малооблачно, без осадков",-15,ВСВ,4 м/с,747
23/1/2016 09:00,"малооблачно, без осадков",-15,ВСВ,5 м/с,747
23/1/2016 12:00,"облачно, без осадков",-17,СВ,4 м/с,747
23/1/2016 15:00,"пасмурно, без осадков",-17,СВ,6 м/с,746
23/1/2016 18:00,"малооблачно, без осадков",-18,СВ,5 м/с,746
23/1/2016 21:00,"малооблачно, без осадков",-19,СВ,5 м/с,746
23/1/2016 24:00,"малооблачно, без осадков",-20,СВ,3 м/с,745
24/1/2016 00:00,"малооблачно, без осадков",-20,СВ,3 м/с,745
24/1/2016 03:00,"малооблачно, без осадков",-13,В,2 м/с,744
24/1/2016 06:00,"ясно, без осадков",-13,В,3 м/с,743
24/1/2016 09:00,"малооблачно, без осадков",-12,В,2 м/с,743
24/1/2016 12:00,"ясно, без осадков",-9,ВЮВ,2 м/с,743
24/1/2016 15:00,"ясно, без осадков",-4,В,1 м/с,742
24/1/2016 18:00,"ясно, без осадков",-8,ВСВ,1 м/с,741
24/1/2016 21:00,"ясно, без осадков",-14,штиль,0 м/с,740
24/1/2016 24:00,"ясно, без осадков",-15,штиль,0 м/с,740
25/1/2016 00:00,"ясно, без осадков",-15,штиль,0 м/с,740
25/1/2016 03:00,"ясно, без осадков",-11,СВ,1 м/с,738
25/1/2016 06:00,"ясно, без осадков",-17,штиль,0 м/с,738
25/1/2016 09:00,"ясно, без осадков",-16,ВСВ,2 м/с,737
25/1/2016 12:00,"ясно, без осадков",-17,ВСВ,1 м/с,737
25/1/2016 15:00,"ясно, без осадков",-13,СВ,3 м/с,736
25/1/2016 18:00,"ясно, без осадков",-17,В,2 м/с,736
25/1/2016 21:00,"ясно, без осадков",-16,В,3 м/с,735
25/1/2016 24:00,"ясно, без осадков",-17,СВ,1 м/с,734
26/1/2016 00:00,"ясно, без осадков",-17,СВ,1 м/с,734
26/1/2016 03:00,"ясно, без осадков",-18,СВ,2 м/с,734
26/1/2016 06:00,"ясно, без осадков",-18,ССВ,1 м/с,734
26/1/2016 09:00,"ясно, без осадков",-18,штиль,0 м/с,733
26/1/2016 12:00,"ясно, без осадков",-12,В,3 м/с,733
26/1/2016 15:00,"ясно, без осадков",-10,ВСВ,3 м/с,732
26/1/2016 18:00,"ясно, без осадков",-13,ВСВ,3 м/с,733
26/1/2016 21:00,"ясно, без осадков",-20,ВСВ,3 м/с,733
26/1/2016 24:00,"ясно, без осадков",-21,СВ,2 м/с,732
27/1/2016 00:00,"ясно, без осадков",-21,СВ,2 м/с,732
27/1/2016 03:00,"ясно, без осадков",-23,СВ,1 м/с,732
27/1/2016 06:00,"ясно, без осадков",-24,СВ,3 м/с,731
27/1/2016 09:00,"ясно, без осадков",-23,ССВ,2 м/с,731
27/1/2016 12:00,"ясно, без осадков",-18,ВСВ,1 м/с,732
27/1/2016 15:00,"ясно, без осадков",-11,ВСВ,1 м/с,732
27/1/2016 18:00,"ясно, без осадков",-14,ВЮВ,2 м/с,732
27/1/2016 21:00,"ясно, без осадков",-15,Ю,2 м/с,733
27/1/2016 24:00,"ясно, без осадков",-16,ВСВ,1 м/с,733
28/1/2016 00:00,"ясно, без осадков",-16,ВСВ,1 м/с,733
28/1/2016 03:00,"ясно, без осадков",-16,ЮВ,2 м/с,732
28/1/2016 06:00,"пасмурно, слабый снег",-13,штиль,0 м/с,732
28/1/2016 09:00,"пасмурно, слабый снег",-10,Ю,1 м/с,732
28/1/2016 12:00,"пасмурно, слабый снег",-8,ЮЗ,2 м/с,734
28/1/2016 15:00,"пасмурно, слабый снег",-8,ЮЗ,3 м/с,734
28/1/2016 18:00,"пасмурно, без осадков",-9,Ю,1 м/с,736
28/1/2016 21:00,"пасмурно, слабый снег",-10,ЮЮЗ,1 м/с,737
28/1/2016 24:00,"пасмурно, слабый снег",-11,ЮЮЗ,1 м/с,737
29/1/2016 00:00,"пасмурно, слабый снег",-11,ЮЮЗ,1 м/с,737
29/1/2016 03:00,"пасмурно, без осадков",-14,штиль,0 м/с,738
29/1/2016 06:00,"пасмурно, без осадков",-15,штиль,0 м/с,738
29/1/2016 09:00,"ясно, без осадков",-17,штиль,0 м/с,739
29/1/2016 12:00,"ясно, без осадков",-13,Ю,1 м/с,739
29/1/2016 15:00,"ясно, без осадков",-10,ЮЗ,1 м/с,739
29/1/2016 18:00,"ясно, без осадков",-13,ЮЮЗ,1 м/с,740
29/1/2016 21:00,"ясно, без осадков",-15,Ю,1 м/с,740
29/1/2016 24:00,"ясно, без осадков",-16,ЮЮВ,1 м/с,741
30/1/2016 00:00,"ясно, без осадков",-16,ЮЮВ,1 м/с,741
30/1/2016 03:00,"ясно, без осадков",-15,Ю,1 м/с,741
30/1/2016 06:00,"ясно, без осадков",-17,Ю,1 м/с,740
30/1/2016 09:00,"малооблачно, без осадков",-15,Ю,2 м/с,740
30/1/2016 12:00,"ясно, без осадков",-13,Ю,2 м/с,740
30/1/2016 15:00,"малооблачно, без осадков",-11,Ю,2 м/с,739
30/1/2016 18:00,"облачно, без осадков",-11,Ю,2 м/с,739
30/1/2016 21:00,"пасмурно, без осадков",-11,Ю,1 м/с,739
30/1/2016 24:00,"пасмурно, без осадков",-11,Ю,1 м/с,738
31/1/2016 00:00,"пасмурно, без осадков",-11,Ю,1 м/с,738
31/1/2016 03:00,"ясно, без осадков",-14,ЮЮЗ,1 м/с,738
31/1/2016 06:00,"ясно, без осадков",-14,Ю,3 м/с,738
31/1/2016 09:00,"пасмурно, слабый снег",-11,Ю,1 м/с,737
31/1/2016 12:00,"пасмурно, слабый снег",-7,Ю,5 м/с,736
31/1/2016 15:00,"пасмурно, слабый снег",-4,Ю,4 м/с,735
31/1/2016 18:00,"пасмурно, слабый снег",-4,ЮЮЗ,2 м/с,734
31/1/2016 21:00,"пасмурно, слабый снег",-4,ЮЮЗ,2 м/с,734
31/1/2016 24:00,"пасмурно, слабый снег",-4,ЮЮЗ,3 м/с,734
1/2/2016 00:00,"пасмурно, слабый снег",-4,ЮЮЗ,3 м/с,734
1/2/2016 03:00,"пасмурно, без осадков",-4,ЮЮЗ,3 м/с,734
1/2/2016 06:00,"пасмурно, без осадков",-5,ЮЮЗ,2 м/с,735
1/2/2016 09:00,"пасмурно, слабый снег",-6,Ю,1 м/с,735
1/2/2016 12:00,"пасмурно, слабый снег",-4,Ю,1 м/с,735
1/2/2016 15:00,"пасмурно, слабый снег",-4,ЮЗ,1 м/с,736
1/2/2016 18:00,"пасмурно, слабый снег",-6,ЮЮЗ,1 м/с,736
1/2/2016 21:00,"пасмурно, слабый снег",-8,штиль,0 м/с,737
1/2/2016 24:00,"малооблачно, без осадков",-9,Ю,1 м/с,738
2/2/2016 00:00,"малооблачно, без осадков",-9,Ю,1 м/с,738
2/2/2016 03:00,"пасмурно, без осадков",-10,Ю,1 м/с,738
2/2/2016 06:00,"пасмурно, слабый снег",-11,ЮЗ,1 м/с,739
2/2/2016 09:00,"пасмурно, без осадков",-11,ЮЗ,1 м/с,740
2/2/2016 12:00,"пасмурно, без осадков",-10,ЮЮЗ,1 м/с,741
2/2/2016 15:00,"пасмурно, без осадков",-7,ЮВ,1 м/с,742
2/2/2016 18:00,"пасмурно, без осадков",-8,ЗЮЗ,1 м/с,743
2/2/2016 21:00,"пасмурно, без осадков",-8,ЗЮЗ,1 м/с,744
2/2/2016 24:00,"пасмурно, без осадков",-12,ЮЮЗ,1 м/с,744
3/2/2016 00:00,"пасмурно, без осадков",-12,ЮЮЗ,1 м/с,744
3/2/2016 03:00,"пасмурно, без осадков",-14,Ю,1 м/с,744
3/2/2016 06:00,"ясно, без осадков",-17,Ю,1 м/с,744
3/2/2016 09:00,"облачно, без осадков",-17,Ю,2 м/с,744
3/2/2016 12:00,"малооблачно, без осадков",-12,ЮЮВ,3 м/с,743
3/2/2016 15:00,"малооблачно, без осадков",-10,Ю,4 м/с,742
3/2/2016 18:00,"малооблачно, без осадков",-9,Ю,4 м/с,741
3/2/2016 21:00,"малооблачно, без осадков",-10,ЮЮВ,3 м/с,740
3/2/2016 24:00,"ясно, без осадков",-10,Ю,3 м/с,738
4/2/2016 00:00,"ясно, без осадков",-10,Ю,3 м/с,738
4/2/2016 03:00,"малооблачно, без осадков",-11,Ю,5 м/с,737
4/2/2016 06:00,"пасмурно, без осадков",-10,Ю,5 м/с,735
4/2/2016 09:00,"пасмурно, слабый снег",-9,Ю,5 м/с,735
4/2/2016 12:00,"пасмурно, без осадков",-7,ЮЮЗ,4 м/с,734
4/2/2016 15:00,"пасмурно, слабый снег",-6,ЮЮЗ,6 м/с,733
4/2/2016 18:00,"пасмурно, без осадков",-6,ЮЗ,5 м/с,732
4/2/2016 21:00,"пасмурно, снег",-4,ЮЗ,7 м/с,731
4/2/2016 24:00,"пасмурно, слабый снег",-2,ЮЗ,6 м/с,730
5/2/2016 00:00,"пасмурно, слабый снег",-2,ЮЗ,6 м/с,730
5/2/2016 03:00,"пасмурно, без осадков",-1,ЮЮЗ,5 м/с,730
5/2/2016 06:00,"пасмурно, без осадков",-1,ЮЗ,4 м/с,731
5/2/2016 09:00,"пасмурно, без осадков",-0,ЗЮЗ,4 м/с,732
5/2/2016 12:00,"пасмурно, без осадков",-0,З,6 м/с,734
5/2/2016 15:00,"пасмурно, без осадков",-0,Ю,3 м/с,736
5/2/2016 18:00,"пасмурно, без осадков",+0,ЗЮЗ,3 м/с,737
5/2/2016 21:00,"пасмурно, слабые осадки",+0,ЗЮЗ,5 м/с,735
5/2/2016 24:00,"пасмурно, без осадков",+1,ЮЗ,6 м/с,735
6/2/2016 00:00,"пасмурно, без осадков",+1,ЮЗ,6 м/с,735
6/2/2016 03:00,"пасмурно, без осадков",+1,Ю,6 м/с,734
6/2/2016 06:00,"малооблачно, без осадков",-0,Ю,5 м/с,734
6/2/2016 09:00,"малооблачно, без осадков",-1,ЮЮЗ,6 м/с,734
6/2/2016 12:00,"малооблачно, без осадков",-1,ЮЮЗ,6 м/с,734
6/2/2016 15:00,"малооблачно, без осадков",+0,Ю,5 м/с,733
6/2/2016 18:00,"малооблачно, без осадков",-1,ЮЮЗ,4 м/с,733
6/2/2016 21:00,"малооблачно, без осадков",-1,ЮЮЗ,4 м/с,733
6/2/2016 24:00,"малооблачно, без осадков",-2,ЮЮЗ,3 м/с,732
7/2/2016 00:00,"малооблачно, без осадков",-2,ЮЮЗ,3 м/с,732
7/2/2016 03:00,"малооблачно, без осадков",-1,ЮЮЗ,4 м/с,730
7/2/2016 06:00,"малооблачно, без осадков",-2,ЮЮЗ,3 м/с,729
7/2/2016 09:00,"малооблачно, без осадков",-2,ЮЮЗ,3 м/с,727
7/2/2016 12:00,"малооблачно, без осадков",+0,ЮЮЗ,6 м/с,726
7/2/2016 15:00,"малооблачно, без осадков",+2,ЮЮЗ,5 м/с,724
7/2/2016 18:00,"пасмурно, без осадков",-0,ЮЮЗ,5 м/с,722
7/2/2016 21:00,"пасмурно, без осадков",-2,ЮЮЗ,3 м/с,722
7/2/2016 24:00,"пасмурно, без осадков",-1,ЮЮЗ,4 м/с,722
8/2/2016 00:00,"пасмурно, без осадков",-1,ЮЮЗ,4 м/с,722
8/2/2016 03:00,"пасмурно, без осадков",-2,ЮЗ,2 м/с,722
8/2/2016 06:00,"пасмурно, без осадков",-2,З,2 м/с,722
8/2/2016 09:00,"пасмурно, слабый снег",-2,ЗСЗ,2 м/с,723
8/2/2016 12:00,"пасмурно, слабый снег",-4,ССВ,4 м/с,725
8/2/2016 15:00,"пасмурно, слабый снег",-5,С,4 м/с,726
8/2/2016 18:00,"пасмурно, слабый снег",-6,С,3 м/с,727
8/2/2016 21:00,"пасмурно, без осадков",-8,С,2 м/с,729
8/2/2016 24:00,"ясно, без осадков",-12,С,2 м/с,730
9/2/2016 00:00,"ясно, без осадков",-12,С,2 м/с,730
9/2/2016 03:00,"пасмурно, слабый снег",-13,СЗ,1 м/с,732
9/2/2016 06:00,"малооблачно, без осадков",-14,З,2 м/с,733
9/2/2016 09:00,"пасмурно, без осадков",-17,ЗСЗ,2 м/с,735
9/2/2016 12:00,"малооблачно, без осадков",-14,З,2 м/с,736
9/2/2016 15:00,"пасмурно, слабый снег",-13,ССЗ,2 м/с,737
9/2/2016 18:00,"малооблачно, без осадков",-15,СЗ,2 м/с,738
9/2/2016 21:00,"ясно, без осадков",-18,З,1 м/с,739
9/2/2016 24:00,"ясно, без осадков",-20,З,1 м/с,741
10/2/2016 00:00,"ясно, без осадков",-20,З,1 м/с,741
10/2/2016 03:00,"ясно, без осадков",-21,штиль,0 м/с,742
10/2/2016 06:00,"ясно, без осадков",-23,штиль,0 м/с,743
10/2/2016 09:00,"пасмурно, слабый снег",-23,ЮЗ,1 м/с,745
10/2/2016 12:00,"пасмурно, слабый снег",-20,ЗЮЗ,1 м/с,746
10/2/2016 15:00,"ясно, без осадков",-16,ЮЮЗ,2 м/с,747
10/2/2016 18:00,"пасмурно, слабый снег",-18,ЮЮЗ,2 м/с,748
10/2/2016 21:00,"пасмурно, без осадков",-19,ЮЮЗ,3 м/с,749
10/2/2016 24:00,"пасмурно, без осадков",-20,Ю,2 м/с,748
11/2/2016 00:00,"пасмурно, без осадков",-20,Ю,2 м/с,748
11/2/2016 03:00,"ясно, без осадков",-19,Ю,2 м/с,748
11/2/2016 06:00,"ясно, без осадков",-17,Ю,3 м/с,747
11/2/2016 09:00,"пасмурно, снег",-16,Ю,4 м/с,747
11/2/2016 12:00,"пасмурно, слабый снег",-13,ЮЮЗ,5 м/с,746
11/2/2016 15:00,"пасмурно, слабый снег",-11,ЮЮЗ,4 м/с,746
11/2/2016 18:00,"пасмурно, без осадков",-11,ЮЮЗ,4 м/с,745
11/2/2016 21:00,"пасмурно, без осадков",-12,Ю,4 м/с,745
11/2/2016 24:00,"пасмурно, без осадков",-12,ЮЮЗ,4 м/с,744
12/2/2016 00:00,"пасмурно, без осадков",-12,ЮЮЗ,4 м/с,744
12/2/2016 03:00,"пасмурно, без осадков",-12,ЮЮЗ,3 м/с,743
12/2/2016 06:00,"пасмурно, без осадков",-14,ЮЮЗ,4 м/с,742
12/2/2016 09:00,"пасмурно, слабый снег",-13,ЮЮЗ,3 м/с,742
12/2/2016 12:00,"пасмурно, снег",-12,ЮЗ,3 м/с,742
12/2/2016 15:00,"пасмурно, слабый снег",-11,ЮЮЗ,3 м/с,741
12/2/2016 18:00,"пасмурно, слабый снег",-11,ЮЮЗ,2 м/с,741
12/2/2016 21:00,"пасмурно, слабый снег",-10,ЮЮЗ,1 м/с,741
12/2/2016 24:00,"пасмурно, слабый снег",-10,ЮЮЗ,1 м/с,741
13/2/2016 00:00,"пасмурно, слабый снег",-10,ЮЮЗ,1 м/с,741
13/2/2016 03:00,"пасмурно, слабый снег",-10,ЮЮЗ,1 м/с,740
13/2/2016 06:00,"пасмурно, без осадков",-12,Ю,1 м/с,741
13/2/2016 09:00,"пасмурно, слабый снег",-11,ЗЮЗ,2 м/с,741
13/2/2016 12:00,"пасмурно, слабый снег",-9,Ю,3 м/с,742
13/2/2016 15:00,"ясно, без осадков",-7,Ю,2 м/с,743
13/2/2016 18:00,"облачно, без осадков",-8,штиль,0 м/с,743
13/2/2016 21:00,"пасмурно, без осадков",-9,штиль,0 м/с,743
13/2/2016 24:00,"ясно, без осадков",-13,ССВ,1 м/с,743
14/2/2016 00:00,"ясно, без осадков",-13,ССВ,1 м/с,743
14/2/2016 03:00,"пасмурно, без осадков",-12,ВСВ,3 м/с,743
14/2/2016 06:00,"пасмурно, без осадков",-13,СВ,2 м/с,742
14/2/2016 09:00,"пасмурно, без осадков",-14,ВСВ,1 м/с,743
14/2/2016 12:00,"малооблачно, без осадков",-9,В,2 м/с,742
14/2/2016 15:00,"малооблачно, без осадков",-7,В,1 м/с,742
14/2/2016 18:00,"малооблачно, без осадков",-10,ВСВ,2 м/с,742
14/2/2016 21:00,"ясно, без осадков",-11,ССВ,1 м/с,742
14/2/2016 24:00,"ясно, без осадков",-15,СВ,2 м/с,742
15/2/2016 00:00,"ясно, без осадков",-15,СВ,2 м/с,742
15/2/2016 03:00,"ясно, без осадков",-15,ВСВ,2 м/с,741
15/2/2016 06:00,"ясно, без осадков",-17,ВСВ,2 м/с,741
15/2/2016 09:00,"малооблачно, без осадков",-19,СВ,2 м/с,741
15/2/2016 12:00,"малооблачно, без осадков",-14,ВСВ,2 м/с,741
15/2/2016 15:00,"малооблачно, без осадков",-11,СВ,2 м/с,741
15/2/2016 18:00,"пасмурно, без осадков",-14,СВ,3 м/с,741
15/2/2016 21:00,"пасмурно, без осадков",-16,СВ,3 м/с,741
15/2/2016 24:00,"пасмурно, без осадков",-16,СВ,2 м/с,741
16/2/2016 00:00,"пасмурно, без осадков",-16,СВ,2 м/с,741
16/2/2016 03:00,"пасмурно, без осадков",-16,ССВ,3 м/с,741
16/2/2016 06:00,"малооблачно, без осадков",-17,СВ,3 м/с,742
16/2/2016 09:00,"малооблачно, слабый снег",-18,СВ,4 м/с,743
16/2/2016 12:00,"ясно, без осадков",-15,ССВ,4 м/с,744
16/2/2016 15:00,"ясно, без осадков",-12,ССВ,4 м/с,744
16/2/2016 18:00,"ясно, без осадков",-12,ССВ,2 м/с,745
16/2/2016 21:00,"ясно, без осадков",-15,штиль,0 м/с,746
16/2/2016 24:00,"облачно, сильный туман",-17,штиль,0 м/с,747
17/2/2016 00:00,"облачно, сильный туман",-17,штиль,0 м/с,747
17/2/2016 03:00,"облачно, сильный туман",-19,штиль,0 м/с,747
17/2/2016 06:00,"ясно, без осадков",-20,ЮЮЗ,1 м/с,748
17/2/2016 09:00,"пасмурно, без осадков",-20,ЮЮЗ,2 м/с,749
17/2/2016 12:00,"ясно, без осадков",-15,ЗЮЗ,1 м/с,749
17/2/2016 15:00,"ясно, без осадков",-13,ЮЮЗ,2 м/с,748
17/2/2016 18:00,"ясно, без осадков",-13,ЮЮВ,1 м/с,748
17/2/2016 21:00,"ясно, без осадков",-13,ЮЮЗ,1 м/с,748
17/2/2016 24:00,"ясно, без осадков",-13,Ю,3 м/с,747
18/2/2016 00:00,"ясно, без осадков",-13,Ю,3 м/с,747
18/2/2016 03:00,"ясно, без осадков",-14,ЮЗ,3 м/с,747
18/2/2016 06:00,"ясно, без осадков",-14,ЗСЗ,2 м/с,747
18/2/2016 09:00,"ясно, без осадков",-14,Ю,2 м/с,748
18/2/2016 12:00,"ясно, без осадков",-11,Ю,3 м/с,748
18/2/2016 15:00,"ясно, без осадков",-7,Ю,2 м/с,748
18/2/2016 18:00,"ясно, без осадков",-9,ЮЮЗ,2 м/с,748
18/2/2016 21:00,"ясно, без осадков",-10,Ю,1 м/с,748
18/2/2016 24:00,"ясно, без осадков",-10,ЗЮЗ,2 м/с,748
19/2/2016 00:00,"ясно, без осадков",-10,ЗЮЗ,2 м/с,748
19/2/2016 03:00,"ясно, без осадков",-12,штиль,0 м/с,747
19/2/2016 06:00,"ясно, без осадков",-13,СВ,1 м/с,747
19/2/2016 09:00,"облачно, без осадков",-14,ЮВ,1 м/с,746
19/2/2016 12:00,"ясно, без осадков",-10,СВ,2 м/с,746
19/2/2016 15:00,"малооблачно, без осадков",-2,СВ,1 м/с,745
19/2/2016 18:00,"малооблачно, без осадков",-7,СВ,3 м/с,744
19/2/2016 21:00,"ясно, без осадков",-10,С,1 м/с,744
19/2/2016 24:00,"ясно, без осадков",-10,ВЮВ,1 м/с,743
20/2/2016 00:00,"ясно, без осадков",-10,ВЮВ,1 м/с,743
20/2/2016 03:00,"ясно, без осадков",-12,ССВ,1 м/с,743
20/2/2016 06:00,"ясно, без осадков",-12,ССВ,1 м/с,742
20/2/2016 09:00,"ясно, без осадков",-11,ВСВ,2 м/с,743
20/2/2016 12:00,"ясно, без осадков",-4,ВСВ,1 м/с,743
20/2/2016 15:00,"ясно, без осадков",-2,СВ,2 м/с,743
20/2/2016 18:00,"ясно, без осадков",-6,ВСВ,2 м/с,743
20/2/2016 21:00,"ясно, без осадков",-10,СВ,1 м/с,744
20/2/2016 24:00,"ясно, без осадков",-12,штиль,0 м/с,743
21/2/2016 00:00,"ясно, без осадков",-12,штиль,0 м/с,743
21/2/2016 03:00,"ясно, без осадков",-10,ВСВ,1 м/с,743
21/2/2016 06:00,"ясно, без осадков",-11,ЮВ,1 м/с,743
21/2/2016 09:00,"ясно, без осадков",-9,ЮЮВ,2 м/с,743
21/2/2016 12:00,"ясно, без осадков",-4,Ю,1 м/с,743
21/2/2016 15:00,"ясно, без осадков",-2,Ю,2 м/с,742
21/2/2016 18:00,"ясно, без осадков",-4,ЮВ,1 м/с,742
21/2/2016 21:00,"ясно, без осадков",-7,ЮЮВ,1 м/с,742
21/2/2016 24:00,"ясно, без осадков",-8,ЮЮЗ,2 м/с,743
22/2/2016 00:00,"ясно, без осадков",-8,ЮЮЗ,2 м/с,743
22/2/2016 03:00,"ясно, без осадков",-10,ЮЗ,1 м/с,743
22/2/2016 06:00,"ясно, без осадков",-11,ЮЮЗ,1 м/с,743
22/2/2016 09:00,"ясно, без осадков",-10,ЗЮЗ,2 м/с,744
22/2/2016 12:00,"ясно, без осадков",-7,ЮЮВ,2 м/с,744
22/2/2016 15:00,"ясно, без осадков",-3,ЮЮЗ,2 м/с,745
22/2/2016 18:00,"ясно, без осадков",-4,Ю,2 м/с,745
22/2/2016 21:00,"ясно, без осадков",-9,Ю,1 м/с,746
22/2/2016 24:00,"ясно, без осадков",-9,Ю,2 м/с,746
23/2/2016 00:00,"ясно, без осадков",-9,Ю,2 м/с,746
23/2/2016 03:00,"ясно, без осадков",-11,Ю,2 м/с,745
23/2/2016 06:00,"ясно, без осадков",-11,Ю,1 м/с,745
23/2/2016 09:00,"малооблачно, без осадков",-11,Ю,2 м/с,744
23/2/2016 12:00,"малооблачно, без осадков",-6,ЮЮЗ,2 м/с,744
23/2/2016 15:00,"пасмурно, без осадков",-4,ЗЮЗ,2 м/с,742
23/2/2016 18:00,"пасмурно, без осадков",-3,Ю,2 м/с,741
23/2/2016 21:00,"малооблачно, без осадков",-3,ЗЮЗ,2 м/с,740
23/2/2016 24:00,"пасмурно, без осадков",-2,ЮЮЗ,3 м/с,738
24/2/2016 00:00,"пасмурно, без осадков",-2,ЮЮЗ,3 м/с,738
24/2/2016 03:00,"облачно, без осадков",-1,ЗЮЗ,3 м/с,738
24/2/2016 06:00,"пасмурно, без осадков",-1,ЮЗ,3 м/с,738
24/2/2016 09:00,"ясно, без осадков",-2,ЮЮЗ,3 м/с,739
24/2/2016 12:00,"ясно, без осадков",-1,ЮЮЗ,4 м/с,739
24/2/2016 15:00,"ясно, без осадков",+1,ЮЮЗ,3 м/с,739
24/2/2016 18:00,"малооблачно, без осадков",+0,ЮЮЗ,3 м/с,739
24/2/2016 21:00,"ясно, без осадков",-0,ЮЮЗ,2 м/с,739
24/2/2016 24:00,"ясно, без осадков",-1,ЮЮЗ,3 м/с,739
25/2/2016 00:00,"ясно, без осадков",-1,ЮЮЗ,3 м/с,739
25/2/2016 03:00,"ясно, без осадков",-1,ЮЮЗ,3 м/с,739
25/2/2016 06:00,"малооблачно, без осадков",-3,ЮЮЗ,3 м/с,738
25/2/2016 09:00,"малооблачно, без осадков",-2,Ю,2 м/с,738
25/2/2016 12:00,"ясно, без осадков",+2,ЮЮЗ,2 м/с,738
25/2/2016 15:00,"малооблачно, без осадков",+5,ЮЮЗ,3 м/с,738
25/2/2016 18:00,"малооблачно, без осадков",+4,ЮЮЗ,2 м/с,737
25/2/2016 21:00,"ясно, без осадков",+3,ЮЮЗ,2 м/с,737
25/2/2016 24:00,"ясно, без осадков",+2,Ю,2 м/с,736
26/2/2016 00:00,"ясно, без осадков",+2,Ю,2 м/с,736
26/2/2016 03:00,"ясно, без осадков",+3,Ю,1 м/с,735
26/2/2016 06:00,"ясно, без осадков",+1,В,1 м/с,734
26/2/2016 09:00,"малооблачно, без осадков",+3,З,1 м/с,734
26/2/2016 12:00,"ясно, без осадков",+7,ЮЮЗ,3 м/с,733
26/2/2016 15:00,"ясно, без осадков",+8,ЮВ,2 м/с,732
26/2/2016 18:00,"ясно, без осадков",+7,ЮВ,5 м/с,730
26/2/2016 21:00,"ясно, без осадков",+4,ЮЗ,5 м/с,730
26/2/2016 24:00,"пасмурно, без осадков",+2,ЮЮЗ,6 м/с,731
27/2/2016 00:00,"пасмурно, без осадков",+2,ЮЮЗ,6 м/с,731
27/2/2016 03:00,"пасмурно, без осадков",+2,ЮЮЗ,5 м/с,732
27/2/2016 06:00,"пасмурно, слабый дождь",+2,ЮЗ,3 м/с,732
27/2/2016 09:00,"пасмурно, без осадков",+1,ЮЗ,4 м/с,734
27/2/2016 12:00,"пасмурно, без осадков",+1,ЮЗ,2 м/с,737
27/2/2016 15:00,"пасмурно, без осадков",+1,З,4 м/с,739
27/2/2016 18:00,"пасмурно, без осадков",+0,З,3 м/с,740
27/2/2016 21:00,"пасмурно, без осадков",-0,З,3 м/с,742
27/2/2016 24:00,"пасмурно, без осадков",-2,СЗ,1 м/с,744
28/2/2016 00:00,"пасмурно, без осадков",-2,СЗ,1 м/с,744
28/2/2016 03:00,"пасмурно, без осадков",-3,С,1 м/с,745
28/2/2016 06:00,"облачно, сильный туман",-4,З,1 м/с,745
28/2/2016 09:00,"пасмурно, сильный туман",-4,ЮЮЗ,1 м/с,746
28/2/2016 12:00,"пасмурно, без осадков",-2,ЮЮЗ,1 м/с,746
28/2/2016 15:00,"пасмурно, без осадков",-0,ЮЮЗ,3 м/с,745
28/2/2016 18:00,"пасмурно, без осадков",+0,ЮЮЗ,3 м/с,744
28/2/2016 21:00,"пасмурно, без осадков",-1,ЮЮЗ,2 м/с,743
28/2/2016 24:00,"облачно, сильный туман",-1,ЮЮЗ,3 м/с,742
29/2/2016 00:00,"облачно, сильный туман",-1,ЮЮЗ,3 м/с,742
29/2/2016 03:00,"малооблачно, сильный туман",-2,Ю,4 м/с,741
29/2/2016 06:00,"малооблачно, сильный туман",-3,ЮЮЗ,2 м/с,741
29/2/2016 09:00,"пасмурно, снег",-3,ЮЮЗ,2 м/с,740
29/2/2016 12:00,"пасмурно, снег",-2,ЗСЗ,2 м/с,741
29/2/2016 15:00,"пасмурно, без осадков",-3,штиль,0 м/с,740
29/2/2016 18:00,"пасмурно, без осадков",-2,штиль,0 м/с,739
29/2/2016 21:00,"пасмурно, без осадков",-2,штиль,0 м/с,738
29/2/2016 24:00,"пасмурно, без осадков",-2,ЮЗ,2 м/с,735
1/3/2016 00:00,"пасмурно, без осадков",-2,ЮЗ,2 м/с,735
1/3/2016 03:00,"пасмурно, сильный туман",-2,ЮЮЗ,1 м/с,733
1/3/2016 06:00,"пасмурно, без осадков",-2,З,1 м/с,731
1/3/2016 09:00,"пасмурно, снег",-3,СЗ,2 м/с,731
1/3/2016 12:00,"пасмурно, без осадков",-3,С,3 м/с,732
1/3/2016 15:00,"пасмурно, без осадков",-3,ССЗ,2 м/с,733
1/3/2016 18:00,"пасмурно, снег",-4,СЗ,1 м/с,733
1/3/2016 21:00,"пасмурно, снег",-4,З,2 м/с,733
1/3/2016 24:00,"пасмурно, без осадков",-4,ЮЮЗ,2 м/с,732
2/3/2016 00:00,"пасмурно, без осадков",-4,ЮЮЗ,2 м/с,732
2/3/2016 03:00,"пасмурно, снег",-3,ЗЮЗ,6 м/с,731
2/3/2016 06:00,"пасмурно, слабый снег",-4,З,3 м/с,730
2/3/2016 09:00,"малооблачно, без осадков",-5,ЗСЗ,4 м/с,731
2/3/2016 12:00,"пасмурно, без осадков",-5,З,5 м/с,733
2/3/2016 15:00,"пасмурно, без осадков",-5,ЗСЗ,5 м/с,735
2/3/2016 18:00,"пасмурно, без осадков",-6,З,4 м/с,738
2/3/2016 21:00,"малооблачно, без осадков",-8,ЗСЗ,4 м/с,741
2/3/2016 24:00,"облачно, без осадков",-10,З,2 м/с,743
3/3/2016 00:00,"облачно, без осадков",-10,З,2 м/с,743
3/3/2016 03:00,"ясно, без осадков",-12,штиль,0 м/с,745
3/3/2016 06:00,"ясно, без осадков",-13,штиль,0 м/с,746
3/3/2016 09:00,"пасмурно, слабый снег",-14,штиль,0 м/с,748
3/3/2016 12:00,"пасмурно, слабый снег",-10,ЮЮЗ,2 м/с,748
3/3/2016 15:00,"малооблачно, без осадков",-6,ЮЮЗ,2 м/с,747
3/3/2016 18:00,"пасмурно, без осадков",-6,ЮЮЗ,2 м/с,746
3/3/2016 21:00,"пасмурно, без осадков",-5,Ю,3 м/с,745
3/3/2016 24:00,"пасмурно, без осадков",-5,Ю,3 м/с,743
4/3/2016 00:00,"пасмурно, без осадков",-5,Ю,3 м/с,743
4/3/2016 03:00,"пасмурно, без осадков",-6,ЮЮЗ,2 м/с,742
4/3/2016 06:00,"малооблачно, без осадков",-6,ЮЮЗ,3 м/с,740
4/3/2016 09:00,"пасмурно, без осадков",-6,Ю,2 м/с,739
4/3/2016 12:00,"малооблачно, без осадков",-3,ЮЮЗ,5 м/с,738
4/3/2016 15:00,"малооблачно, без осадков",-1,ЮЗ,4 м/с,737
4/3/2016 18:00,"малооблачно, без осадков",-1,Ю,3 м/с,736
4/3/2016 21:00,"ясно, без осадков",-3,ЮВ,2 м/с,736
4/3/2016 24:00,"ясно, без осадков",-4,Ю,2 м/с,736
5/3/2016 00:00,"ясно, без осадков",-4,Ю,2 м/с,736
5/3/2016 03:00,"ясно, без осадков",-6,Ю,2 м/с,735
5/3/2016 06:00,"пасмурно, без осадков",-6,ЮЮВ,1 м/с,735
5/3/2016 09:00,"облачно, без осадков",-6,штиль,0 м/с,736
5/3/2016 12:00,"малооблачно, без осадков",+0,ВСВ,3 м/с,736
5/3/2016 15:00,"пасмурно, без осадков",-0,ВСВ,3 м/с,736
5/3/2016 18:00,"пасмурно, без осадков",-1,ВСВ,3 м/с,737
5/3/2016 21:00,"пасмурно, без осадков",-1,В,4 м/с,737
5/3/2016 24:00,"пасмурно, без осадков",-1,В,3 м/с,737
6/3/2016 00:00,"пасмурно, без осадков",-1,В,3 м/с,737
6/3/2016 03:00,"облачно, без осадков",-2,В,4 м/с,736
6/3/2016 06:00,"малооблачно, без осадков",-3,В,4 м/с,736
6/3/2016 09:00,"пасмурно, без осадков",-4,ВСВ,3 м/с,737
6/3/2016 12:00,"малооблачно, без осадков",-2,В,6 м/с,736
6/3/2016 15:00,"малооблачно, без осадков",-1,В,6 м/с,737
6/3/2016 18:00,"пасмурно, без осадков",-1,В,7 м/с,737
6/3/2016 21:00,"пасмурно, без осадков",-2,В,5 м/с,738
6/3/2016 24:00,"пасмурно, без осадков",-3,В,5 м/с,738
7/3/2016 00:00,"пасмурно, без осадков",-3,В,5 м/с,738
7/3/2016 03:00,"пасмурно, без осадков",-4,В,6 м/с,739
7/3/2016 06:00,"пасмурно, без осадков",-5,В,6 м/с,739
7/3/2016 09:00,"пасмурно, без осадков",-5,В,3 м/с,740
7/3/2016 12:00,"пасмурно, без осадков",-4,В,5 м/с,741
7/3/2016 15:00,"пасмурно, без осадков",-1,В,4 м/с,741
7/3/2016 18:00,"пасмурно, без осадков",-3,В,4 м/с,741
7/3/2016 21:00,"пасмурно, без осадков",-4,В,4 м/с,741
7/3/2016 24:00,"пасмурно, без осадков",-6,В,4 м/с,742
8/3/2016 00:00,"пасмурно, без осадков",-6,В,4 м/с,742
8/3/2016 03:00,"пасмурно, без осадков",-7,В,2 м/с,741
8/3/2016 06:00,"пасмурно, без осадков",-7,В,2 м/с,741
8/3/2016 09:00,"облачно, без осадков",-6,В,2 м/с,742
8/3/2016 12:00,"малооблачно, без осадков",-2,ВСВ,3 м/с,742
8/3/2016 15:00,"малооблачно, без осадков",+1,В,2 м/с,741
8/3/2016 18:00,"ясно, без осадков",-1,В,2 м/с,741
8/3/2016 21:00,"пасмурно, без осадков",-3,ВСВ,3 м/с,740
8/3/2016 24:00,"малооблачно, без осадков",-3,Ю,2 м/с,740
9/3/2016 00:00,"малооблачно, без осадков",-3,Ю,2 м/с,740
9/3/2016 03:00,"ясно, без осадков",-5,Ю,1 м/с,739
9/3/2016 06:00,"ясно, без осадков",-5,штиль,0 м/с,739
9/3/2016 09:00,"малооблачно, без осадков",-5,штиль,0 м/с,738
9/3/2016 12:00,"малооблачно, без осадков",+2,Ю,1 м/с,738
9/3/2016 15:00,"малооблачно, без осадков",+4,Ю,2 м/с,738
9/3/2016 18:00,"малооблачно, без осадков",+3,Ю,3 м/с,737
9/3/2016 21:00,"малооблачно, без осадков",+1,Ю,1 м/с,736
9/3/2016 24:00,"малооблачно, без осадков",-0,ВСВ,1 м/с,736
10/3/2016 00:00,"малооблачно, без осадков",-0,ВСВ,1 м/с,736
10/3/2016 03:00,"малооблачно, без осадков",-0,штиль,0 м/с,736
10/3/2016 06:00,"пасмурно, без осадков",-3,штиль,0 м/с,735
10/3/2016 09:00,"малооблачно, без осадков",-6,СВ,3 м/с,736
10/3/2016 12:00,"ясно, без осадков",-2,СВ,2 м/с,737
10/3/2016 15:00,"ясно, без осадков",+0,ВСВ,2 м/с,737
10/3/2016 18:00,"ясно, без осадков",+0,ВСВ,2 м/с,737
10/3/2016 21:00,"ясно, без осадков",-3,СВ,2 м/с,738
10/3/2016 24:00,"ясно, без осадков",-4,ВСВ,4 м/с,738
11/3/2016 00:00,"ясно, без осадков",-4,ВСВ,4 м/с,738
11/3/2016 03:00,"ясно, без осадков",-6,ВСВ,3 м/с,738
11/3/2016 06:00,"ясно, без осадков",-9,СВ,3 м/с,738
11/3/2016 09:00,"ясно, без осадков",-8,СВ,2 м/с,738
11/3/2016 12:00,"ясно, без осадков",+1,ВСВ,2 м/с,738
11/3/2016 15:00,"ясно, без осадков",+5,ЮВ,1 м/с,738
11/3/2016 18:00,"ясно, без осадков",+3,В,3 м/с,737
11/3/2016 21:00,"ясно, без осадков",-1,В,2 м/с,737
11/3/2016 24:00,"ясно, без осадков",-1,Ю,2 м/с,736
12/3/2016 00:00,"ясно, без осадков",-1,Ю,2 м/с,736
12/3/2016 03:00,"ясно, без осадков",-2,Ю,2 м/с,735
12/3/2016 06:00,"ясно, без осадков",-3,штиль,0 м/с,734
12/3/2016 09:00,"малооблачно, без осадков",-2,ЮЮВ,1 м/с,733
12/3/2016 12:00,"ясно, без осадков",+2,Ю,1 м/с,732
12/3/2016 15:00,"ясно, без осадков",+4,Ю,3 м/с,731
12/3/2016 18:00,"ясно, без осадков",+3,ЮЮЗ,3 м/с,729
12/3/2016 21:00,"ясно, без осадков",+0,ЮЮЗ,1 м/с,728
12/3/2016 24:00,"ясно, без осадков",-2,Ю,2 м/с,727
13/3/2016 00:00,"ясно, без осадков",-2,Ю,2 м/с,727
13/3/2016 03:00,"ясно, без осадков",-2,Ю,1 м/с,725
13/3/2016 06:00,"ясно, без осадков",-2,ЮЮЗ,2 м/с,723
13/3/2016 09:00,"пасмурно, без осадков",-0,ЮЮЗ,2 м/с,721
13/3/2016 12:00,"пасмурно, слабый дождь",+2,ЮЮЗ,5 м/с,720
13/3/2016 15:00,"пасмурно, без осадков",+2,Ю,6 м/с,719
13/3/2016 18:00,"пасмурно, слабый дождь",+1,ЮЗ,5 м/с,719
13/3/2016 21:00,"пасмурно, без осадков",-0,ЗЮЗ,9 м/с,721
13/3/2016 24:00,"пасмурно, без осадков",-2,З,7 м/с,723
14/3/2016 00:00,"пасмурно, без осадков",-2,З,7 м/с,723
14/3/2016 03:00,"пасмурно, без осадков",-4,З,5 м/с,725
14/3/2016 06:00,"пасмурно, без осадков",-4,ЗЮЗ,3 м/с,726
14/3/2016 09:00,"пасмурно, слабый снег",-5,ЮЮЗ,2 м/с,727
14/3/2016 12:00,"пасмурно, слабый снег",-2,З,4 м/с,728
14/3/2016 15:00,"облачно, без осадков",+0,З,5 м/с,728
14/3/2016 18:00,"пасмурно, слабые осадки",-1,З,3 м/с,729
14/3/2016 21:00,"пасмурно, слабые осадки",-2,ЗЮЗ,2 м/с,729
14/3/2016 24:00,"пасмурно, без осадков",-4,Ю,1 м/с,730
15/3/2016 00:00,"пасмурно, без осадков",-4,Ю,1 м/с,730
15/3/2016 03:00,"пасмурно, без осадков",-4,штиль,0 м/с,730
15/3/2016 06:00,"пасмурно, без осадков",-5,штиль,0 м/с,730
15/3/2016 09:00,"пасмурно, сильный туман",-6,штиль,0 м/с,731
15/3/2016 12:00,"пасмурно, без осадков",-3,ЗЮЗ,1 м/с,732
15/3/2016 15:00,"пасмурно, слабый снег",-1,ЗЮЗ,1 м/с,732
15/3/2016 18:00,"пасмурно, без осадков",-2,Ю,2 м/с,731
15/3/2016 21:00,"пасмурно, без осадков",-2,В,2 м/с,730
15/3/2016 24:00,"пасмурно, без осадков",-2,В,1 м/с,728
16/3/2016 00:00,"пасмурно, без осадков",-2,В,1 м/с,728
16/3/2016 03:00,"пасмурно, без осадков",-2,ВСВ,1 м/с,726
16/3/2016 06:00,"пасмурно, без осадков",-2,ВСВ,3 м/с,723
16/3/2016 09:00,"пасмурно, слабый снег",-1,ВСВ,2 м/с,719
16/3/2016 12:00,"пасмурно, без осадков",+1,ВЮВ,3 м/с,716
16/3/2016 15:00,"пасмурно, слабые осадки",+1,ЮЮЗ,5 м/с,711
16/3/2016 18:00,"пасмурно, слабый дождь",+2,ЮЗ,6 м/с,711
16/3/2016 21:00,"пасмурно, слабый снег",-0,ЮЗ,7 м/с,713
16/3/2016 24:00,"пасмурно, без осадков",-2,ЮЗ,7 м/с,714
17/3/2016 00:00,"пасмурно, без осадков",-2,ЮЗ,7 м/с,714
17/3/2016 03:00,"пасмурно, без осадков",-3,ЮЮЗ,7 м/с,714
17/3/2016 06:00,"пасмурно, без осадков",-4,З,6 м/с,714
17/3/2016 09:00,"ясно, без осадков",-4,ЮЮЗ,8 м/с,714
17/3/2016 12:00,"пасмурно, слабый снег",-2,ЮЮЗ,5 м/с,713
17/3/2016 15:00,"пасмурно, без осадков",-0,ЮЮЗ,6 м/с,712
17/3/2016 18:00,"пасмурно, слабый снег",-2,ЮЗ,4 м/с,714
17/3/2016 21:00,"пасмурно, слабый снег",-3,ЮЗ,4 м/с,716
17/3/2016 24:00,"пасмурно, слабый снег",-2,ЮЮЗ,6 м/с,717
18/3/2016 00:00,"пасмурно, слабый снег",-2,ЮЮЗ,6 м/с,717
18/3/2016 03:00,"пасмурно, слабый снег",-2,ЮЮЗ,5 м/с,717
18/3/2016 06:00,"пасмурно, слабый снег",-2,ЮЮЗ,8 м/с,718
18/3/2016 09:00,"пасмурно, слабый снег",-2,ЮЗ,5 м/с,719
18/3/2016 12:00,"пасмурно, без осадков",-1,ЮЮЗ,5 м/с,721
18/3/2016 15:00,"малооблачно, без осадков",+0,ЮЗ,5 м/с,722
18/3/2016 18:00,"пасмурно, без осадков",-0,ЗЮЗ,5 м/с,724
18/3/2016 21:00,"ясно, без осадков",-2,Ю,3 м/с,725
18/3/2016 24:00,"ясно, без осадков",-3,Ю,3 м/с,726
19/3/2016 00:00,"ясно, без осадков",-3,Ю,3 м/с,726
19/3/2016 03:00,"пасмурно, без осадков",-3,Ю,5 м/с,726
19/3/2016 06:00,"облачно, без осадков",-3,ЮЗ,4 м/с,726
19/3/2016 09:00,"облачно, без осадков",-2,ЮЮЗ,3 м/с,727
19/3/2016 12:00,"малооблачно, без осадков",+1,ЮЮЗ,6 м/с,727
19/3/2016 15:00,"пасмурно, без осадков",+2,ЮЮЗ,7 м/с,727
19/3/2016 18:00,"пасмурно, без осадков",+2,ЮЮЗ,5 м/с,728
19/3/2016 21:00,"пасмурно, дождь",+2,Ю,7 м/с,729
19/3/2016 24:00,"пасмурно, дождь",+2,ЮЮЗ,6 м/с,730
20/3/2016 00:00,"пасмурно, дождь",+2,ЮЮЗ,6 м/с,730
20/3/2016 03:00,"малооблачно, без осадков",+2,ЮЮЗ,4 м/с,731
20/3/2016 06:00,"пасмурно, без осадков",+3,ЮЮЗ,5 м/с,731
20/3/2016 09:00,"пасмурно, без осадков",+4,ЮЮЗ,5 м/с,732
20/3/2016 12:00,"пасмурно, без осадков",+5,ЮЮЗ,5 м/с,732
20/3/2016 15:00,"ясно, без осадков",+7,ЮЮЗ,5 м/с,732
20/3/2016 18:00,"ясно, без осадков",+6,ЮЮЗ,5 м/с,733
20/3/2016 21:00,"ясно, без осадков",+4,ЮЮЗ,3 м/с,732
20/3/2016 24:00,"пасмурно, без осадков",+3,Ю,3 м/с,732
21/3/2016 00:00,"пасмурно, без осадков",+3,Ю,3 м/с,732
21/3/2016 03:00,"пасмурно, без осадков",+4,Ю,4 м/с,730
21/3/2016 06:00,"пасмурно, без осадков",+3,Ю,4 м/с,730
21/3/2016 09:00,"малооблачно, без осадков",+4,Ю,4 м/с,729
21/3/2016 12:00,"ясно, без осадков",+6,ЮЗ,5 м/с,727
21/3/2016 15:00,"малооблачно, без осадков",+7,Ю,4 м/с,725
21/3/2016 18:00,"пасмурно, без осадков",+6,ЮЮВ,3 м/с,723
21/3/2016 21:00,"пасмурно, слабые осадки",+1,З,6 м/с,724
21/3/2016 24:00,"пасмурно, без осадков",-5,ЗСЗ,6 м/с,730
22/3/2016 00:00,"пасмурно, без осадков",-5,ЗСЗ,6 м/с,730
22/3/2016 03:00,"пасмурно, без осадков",-6,ЗСЗ,5 м/с,734
22/3/2016 06:00,"малооблачно, без осадков",-8,ЗСЗ,3 м/с,737
22/3/2016 09:00,"малооблачно, без осадков",-7,ЗЮЗ,3 м/с,739
22/3/2016 12:00,"облачно, без осадков",-4,ЮЗ,3 м/с,740
22/3/2016 15:00,"ясно, без осадков",-2,Ю,3 м/с,740
22/3/2016 18:00,"малооблачно, без осадков",-1,Ю,3 м/с,740
22/3/2016 21:00,"ясно, без осадков",-3,Ю,3 м/с,740
22/3/2016 24:00,"ясно, без осадков",-3,Ю,3 м/с,740
23/3/2016 00:00,"ясно, без осадков",-3,Ю,3 м/с,740
23/3/2016 03:00,"ясно, без осадков",-5,Ю,1 м/с,740
23/3/2016 06:00,"ясно, без осадков",-4,Ю,1 м/с,740
23/3/2016 09:00,"малооблачно, без осадков",-3,ЮЮВ,1 м/с,740
23/3/2016 12:00,"ясно, без осадков",+4,СВ,1 м/с,740
23/3/2016 15:00,"ясно, без осадков",+5,ВСВ,3 м/с,739
23/3/2016 18:00,"ясно, без осадков",+4,ВСВ,4 м/с,739
23/3/2016 21:00,"ясно, без осадков",+1,ВСВ,3 м/с,739
23/3/2016 24:00,"ясно, без осадков",+1,В,4 м/с,738
24/3/2016 00:00,"ясно, без осадков",+1,В,4 м/с,738
24/3/2016 03:00,"пасмурно, без осадков",-1,ВСВ,5 м/с,736
24/3/2016 06:00,"пасмурно, без осадков",-0,В,4 м/с,735
24/3/2016 09:00,"пасмурно, слабый дождь",+1,В,5 м/с,732
24/3/2016 12:00,"пасмурно, слабый дождь",+2,ССВ,4 м/с,731
24/3/2016 15:00,"пасмурно, без осадков",+5,ЮЮЗ,5 м/с,728
24/3/2016 18:00,"пасмурно, без осадков",+6,Ю,4 м/с,727
24/3/2016 21:00,"пасмурно, без осадков",+6,ЮЗ,3 м/с,727
24/3/2016 24:00,"пасмурно, слабый дождь",+4,Ю,6 м/с,727
25/3/2016 00:00,"пасмурно, слабый дождь",+4,Ю,6 м/с,727
25/3/2016 03:00,"пасмурно, без осадков",+2,ЮЮЗ,4 м/с,727
25/3/2016 06:00,"пасмурно, слабый дождь",+1,ЮЮЗ,4 м/с,728
25/3/2016 09:00,"пасмурно, слабый снег",-0,ЗЮЗ,4 м/с,729
25/3/2016 12:00,"пасмурно, слабые осадки",-1,ЗЮЗ,5 м/с,731
25/3/2016 15:00,"пасмурно, без осадков",-1,З,5 м/с,732
25/3/2016 18:00,"пасмурно, слабый снег",-1,З,6 м/с,735
25/3/2016 21:00,"пасмурно, без осадков",-0,З,4 м/с,737
25/3/2016 24:00,"пасмурно, без осадков",-1,З,3 м/с,738
26/3/2016 00:00,"пасмурно, без осадков",-1,З,3 м/с,738
26/3/2016 03:00,"пасмурно, без осадков",-2,ЮЮЗ,1 м/с,740
26/3/2016 06:00,"малооблачно, без осадков",-4,ЮЮЗ,1 м/с,741
26/3/2016 09:00,"пасмурно, без осадков",-3,Ю,2 м/с,742
26/3/2016 12:00,"ясно, без осадков",+3,ЮЮЗ,2 м/с,742
26/3/2016 15:00,"ясно, без осадков",+6,Ю,3 м/с,741
26/3/2016 18:00,"ясно, без осадков",+6,Ю,2 м/с,740
26/3/2016 21:00,"ясно, без осадков",+4,В,1 м/с,740
26/3/2016 24:00,"ясно, без осадков",+3,ЮВ,2 м/с,739
27/3/2016 00:00,"ясно, без осадков",+3,ЮВ,2 м/с,739
27/3/2016 03:00,"ясно, без осадков",+2,ЮЮВ,2 м/с,738
27/3/2016 06:00,"малооблачно, без осадков",+2,ВСВ,1 м/с,737
27/3/2016 09:00,"пасмурно, без осадков",+1,Ю,2 м/с,736
27/3/2016 12:00,"малооблачно, без осадков",+7,ЮВ,4 м/с,735
27/3/2016 15:00,"малооблачно, без осадков",+7,ВЮВ,2 м/с,733
27/3/2016 18:00,"малооблачно, без осадков",+8,ВЮВ,2 м/с,732
27/3/2016 21:00,"ясно, без осадков",+5,Ю,2 м/с,731
27/3/2016 24:00,"ясно, без осадков",+5,Ю,2 м/с,729
28/3/2016 00:00,"ясно, без осадков",+5,Ю,2 м/с,729
28/3/2016 03:00,"пасмурно, без осадков",+4,Ю,3 м/с,727
28/3/2016 06:00,"пасмурно, без осадков",+5,Ю,1 м/с,726
28/3/2016 09:00,"пасмурно, слабый дождь",+4,Ю,3 м/с,725
28/3/2016 12:00,"пасмурно, слабый дождь",+4,ЮЮЗ,1 м/с,725
28/3/2016 15:00,"пасмурно, без осадков",+10,ЮЮЗ,2 м/с,724
28/3/2016 18:00,"пасмурно, без осадков",+12,ЮЮЗ,1 м/с,723
28/3/2016 21:00,"пасмурно, без осадков",+10,ЮЮВ,1 м/с,723
28/3/2016 24:00,"пасмурно, без осадков",+8,штиль,0 м/с,723
29/3/2016 00:00,"пасмурно, без осадков",+8,штиль,0 м/с,723
29/3/2016 03:00,"пасмурно, без осадков",+5,штиль,0 м/с,723
29/3/2016 06:00,"пасмурно, слабый дождь",+3,ЗЮЗ,2 м/с,725
29/3/2016 09:00,"пасмурно, слабый дождь",+2,ЗЮЗ,2 м/с,726
29/3/2016 12:00,"пасмурно, без осадков",+3,ЗСЗ,2 м/с,727
29/3/2016 15:00,"пасмурно, без осадков",+4,ЗЮЗ,2 м/с,727
29/3/2016 18:00,"пасмурно, без осадков",+3,З,2 м/с,728
29/3/2016 21:00,"пасмурно, слабый дождь",+3,штиль,0 м/с,729
29/3/2016 24:00,"пасмурно, без осадков",+3,ВСВ,1 м/с,730
30/3/2016 00:00,"пасмурно, без осадков",+3,ВСВ,1 м/с,730
30/3/2016 03:00,"пасмурно, слабый дождь",+3,ССВ,1 м/с,730
30/3/2016 06:00,"пасмурно, без осадков",+3,СВ,2 м/с,731
30/3/2016 09:00,"пасмурно, без осадков",+3,ВСВ,1 м/с,731
30/3/2016 12:00,"пасмурно, без осадков",+4,ВСВ,3 м/с,732
30/3/2016 15:00,"пасмурно, без осадков",+5,ВСВ,4 м/с,732
30/3/2016 18:00,"пасмурно, без осадков",+7,ВСВ,3 м/с,731
30/3/2016 21:00,"пасмурно, без осадков",+6,ВСВ,3 м/с,731
30/3/2016 24:00,"пасмурно, без осадков",+6,ВСВ,4 м/с,730
31/3/2016 00:00,"пасмурно, без осадков",+6,ВСВ,4 м/с,730
31/3/2016 03:00,"облачно, без осадков",+3,В,4 м/с,730
31/3/2016 06:00,"малооблачно, без осадков",+2,В,5 м/с,729
31/3/2016 09:00,"пасмурно, без осадков",+3,ВСВ,4 м/с,729
31/3/2016 12:00,"пасмурно, без осадков",+5,В,2 м/с,729
31/3/2016 15:00,"пасмурно, без осадков",+6,В,3 м/с,728
31/3/2016 18:00,"пасмурно, слабый дождь",+6,ВЮВ,2 м/с,728
31/3/2016 21:00,"пасмурно, слабый дождь",+5,В,4 м/с,728
31/3/2016 24:00,"пасмурно, без осадков",+5,ВЮВ,3 м/с,728
1/4/2016 00:00,"пасмурно, без осадков",+5,ВЮВ,3 м/с,728
1/4/2016 03:00,"пасмурно, слабый дождь",+5,В,2 м/с,727
1/4/2016 06:00,"пасмурно, без осадков",+4,В,2 м/с,727
1/4/2016 09:00,"пасмурно, без осадков",+5,В,1 м/с,727
1/4/2016 12:00,"пасмурно, слабый дождь",+7,В,1 м/с,726
1/4/2016 15:00,"пасмурно, дождь",+10,В,1 м/с,725
1/4/2016 18:00,"пасмурно, дождь",+10,Ю,1 м/с,724
1/4/2016 21:00,"пасмурно, дождь",+4,З,3 м/с,726
1/4/2016 24:00,"пасмурно, слабый дождь",+2,З,4 м/с,727
2/4/2016 00:00,"пасмурно, слабый дождь",+2,З,4 м/с,727
2/4/2016 03:00,"пасмурно, без осадков",+2,ЮЗ,1 м/с,727
2/4/2016 06:00,"пасмурно, дождь",+2,ЮЮЗ,2 м/с,727
2/4/2016 09:00,"пасмурно, дождь",+3,ЮЗ,3 м/с,727
2/4/2016 12:00,"пасмурно, дождь",+3,ЮЮЗ,3 м/с,727
2/4/2016 15:00,"пасмурно, дождь",+3,ЮЗ,4 м/с,727
2/4/2016 18:00,"пасмурно, дождь",+4,ЮЮЗ,3 м/с,727
2/4/2016 21:00,"пасмурно, дождь",+4,З,4 м/с,728
2/4/2016 24:00,"пасмурно, без осадков",+2,З,5 м/с,729
3/4/2016 00:00,"пасмурно, без осадков",+2,З,5 м/с,729
3/4/2016 03:00,"пасмурно, без осадков",+1,ЮЮЗ,3 м/с,730
3/4/2016 06:00,"пасмурно, без осадков",+1,ЗЮЗ,4 м/с,731
3/4/2016 09:00,"пасмурно, без осадков",+1,ЮЗ,2 м/с,732
3/4/2016 12:00,"пасмурно, без осадков",+4,ЮЗ,2 м/с,733
3/4/2016 15:00,"пасмурно, без осадков",+7,ЮЮЗ,2 м/с,733
3/4/2016 18:00,"пасмурно, без осадков",+9,ЮЮЗ,1 м/с,733
3/4/2016 21:00,"ясно, без осадков",+8,ЮЗ,1 м/с,733
3/4/2016 24:00,"ясно, без осадков",+6,ЮЮЗ,2 м/с,734
4/4/2016 00:00,"ясно, без осадков",+6,ЮЮЗ,2 м/с,734
4/4/2016 03:00,"ясно, без осадков",+2,штиль,0 м/с,734
4/4/2016 06:00,"ясно, без осадков",+1,штиль,0 м/с,734
4/4/2016 09:00,"малооблачно, без осадков",+6,штиль,0 м/с,734
4/4/2016 12:00,"малооблачно, без осадков",+12,Ю,1 м/с,734
4/4/2016 15:00,"малооблачно, без осадков",+14,Ю,2 м/с,734
4/4/2016 18:00,"пасмурно, без осадков",+13,Ю,1 м/с,733
4/4/2016 21:00,"малооблачно, без осадков",+11,штиль,0 м/с,733
4/4/2016 24:00,"малооблачно, без осадков",+9,штиль,0 м/с,733
5/4/2016 00:00,"малооблачно, без осадков",+9,штиль,0 м/с,733
5/4/2016 03:00,"пасмурно, без осадков",+7,штиль,0 м/с,732
5/4/2016 06:00,"пасмурно, без осадков",+7,Ю,1 м/с,732
5/4/2016 09:00,"пасмурно, без осадков",+7,В,2 м/с,731
5/4/2016 12:00,"пасмурно, без осадков",+13,ЮВ,2 м/с,730
5/4/2016 15:00,"пасмурно, без осадков",+14,Ю,3 м/с,729
5/4/2016 18:00,"пасмурно, без осадков",+15,В,1 м/с,728
5/4/2016 21:00,"малооблачно, без осадков",+13,В,2 м/с,726
5/4/2016 24:00,"пасмурно, слабый дождь",+7,ЮЮЗ,4 м/с,726
6/4/2016 00:00,"пасмурно, слабый дождь",+7,ЮЮЗ,4 м/с,726
6/4/2016 03:00,"пасмурно, без осадков",+2,ЗЮЗ,1 м/с,728
6/4/2016 06:00,"пасмурно, без осадков",+3,ЮЮЗ,4 м/с,730
6/4/2016 09:00,"пасмурно, без осадков",+3,ЮЮЗ,5 м/с,731
6/4/2016 12:00,"пасмурно, слабый дождь",+7,ЮЮЗ,3 м/с,732
6/4/2016 15:00,"пасмурно, без осадков",+9,ЮЗ,3 м/с,731
6/4/2016 18:00,"пасмурно, без осадков",+8,ЮЮЗ,1 м/с,731
6/4/2016 21:00,"облачно, без осадков",+7,Ю,1 м/с,732
6/4/2016 24:00,"малооблачно, без осадков",+6,Ю,2 м/с,731
7/4/2016 00:00,"малооблачно, без осадков",+6,Ю,2 м/с,731
7/4/2016 03:00,"малооблачно, без осадков",+4,ЮЮЗ,2 м/с,730
7/4/2016 06:00,"пасмурно, без осадков",+4,Ю,2 м/с,729
7/4/2016 09:00,"пасмурно, без осадков",+5,ЮЮЗ,2 м/с,729
7/4/2016 12:00,"пасмурно, без осадков",+7,ЮЮЗ,5 м/с,728
7/4/2016 15:00,"пасмурно, слабый дождь",+4,ЮЮЗ,4 м/с,728
7/4/2016 18:00,"пасмурно, слабый дождь",+5,ЮЮЗ,4 м/с,727
7/4/2016 21:00,"пасмурно, без осадков",+3,ЮЮЗ,1 м/с,727
7/4/2016 24:00,"пасмурно, без осадков",+2,Ю,4 м/с,727
8/4/2016 00:00,"пасмурно, без осадков",+2,Ю,4 м/с,727
8/4/2016 03:00,"пасмурно, без осадков",+2,Ю,3 м/с,726
8/4/2016 06:00,"пасмурно, без осадков",+2,ЮЗ,3 м/с,727
8/4/2016 09:00,"пасмурно, без осадков",+2,ЮЮЗ,5 м/с,727
8/4/2016 12:00,"пасмурно, без осадков",+6,ЮЮЗ,6 м/с,727
8/4/2016 15:00,"пасмурно, слабый дождь",+3,ЮЮЗ,3 м/с,728
8/4/2016 18:00,"пасмурно, без осадков",+5,ЗЮЗ,6 м/с,727
8/4/2016 21:00,"пасмурно, слабые осадки",+3,ЗСЗ,4 м/с,728
8/4/2016 24:00,"пасмурно, слабый дождь",+1,штиль,0 м/с,729
9/4/2016 00:00,"пасмурно, слабый дождь",+1,штиль,0 м/с,729
9/4/2016 03:00,"пасмурно, без осадков",+1,З,0 м/с,729
9/4/2016 06:00,"пасмурно, без осадков",+1,штиль,0 м/с,730
9/4/2016 09:00,"пасмурно, без осадков",+1,З,2 м/с,732
9/4/2016 12:00,"пасмурно, без осадков",+3,ЗСЗ,2 м/с,734
9/4/2016 15:00,"пасмурно, без осадков",+6,З,3 м/с,734
9/4/2016 18:00,"пасмурно, без осадков",+8,З,4 м/с,734
9/4/2016 21:00,"пасмурно, без осадков",+5,З,1 м/с,735
9/4/2016 24:00,"ясно, без осадков",+4,ЮЗ,1 м/с,736
10/4/2016 00:00,"ясно, без осадков",+4,ЮЗ,1 м/с,736
10/4/2016 03:00,"ясно, без осадков",+2,ЗЮЗ,1 м/с,735
10/4/2016 06:00,"малооблачно, без осадков",+1,ЗЮЗ,1 м/с,735
10/4/2016 09:00,"малооблачно, без осадков",+4,ЗЮЗ,3 м/с,735
10/4/2016 12:00,"малооблачно, без осадков",+9,З,7 м/с,735
10/4/2016 15:00,"пасмурно, без осадков",+10,З,8 м/с,734
10/4/2016 18:00,"пасмурно, без осадков",+10,ЗЮЗ,5 м/с,733
10/4/2016 21:00,"пасмурно, слабый дождь",+7,ЮЗ,3 м/с,733
10/4/2016 24:00,"пасмурно, без осадков",+7,ЗЮЗ,4 м/с,732
11/4/2016 00:00,"пасмурно, без осадков",+7,ЗЮЗ,4 м/с,732
11/4/2016 03:00,"пасмурно, без осадков",+7,ЮЗ,1 м/с,731
11/4/2016 06:00,"пасмурно, без осадков",+6,ЗЮЗ,5 м/с,731
11/4/2016 09:00,"ясно, без осадков",+7,ЗЮЗ,3 м/с,732
11/4/2016 12:00,"малооблачно, без осадков",+12,З,5 м/с,731
11/4/2016 15:00,"малооблачно, без осадков",+15,З,5 м/с,731
11/4/2016 18:00,"пасмурно, без осадков",+15,З,4 м/с,731
11/4/2016 21:00,"ясно, без осадков",+12,З,2 м/с,732
11/4/2016 24:00,"ясно, без осадков",+9,З,1 м/с,731
12/4/2016 00:00,"ясно, без осадков",+9,З,1 м/с,731
12/4/2016 03:00,"ясно, без осадков",+7,Ю,2 м/с,731
12/4/2016 06:00,"малооблачно, без осадков",+5,ЮЮЗ,1 м/с,730
12/4/2016 09:00,"малооблачно, без осадков",+6,ЗЮЗ,3 м/с,730
12/4/2016 12:00,"малооблачно, без осадков",+12,ЗЮЗ,5 м/с,730
12/4/2016 15:00,"ясно, без осадков",+16,З,5 м/с,729
12/4/2016 18:00,"облачно, без осадков",+16,ЗСЗ,6 м/с,729
12/4/2016 21:00,"облачно, без осадков",+10,СВ,3 м/с,730
12/4/2016 24:00,"малооблачно, без осадков",+6,СВ,2 м/с,730
13/4/2016 00:00,"малооблачно, без осадков",+6,СВ,2 м/с,730
13/4/2016 03:00,"пасмурно, слабый дождь",+3,СЗ,3 м/с,732
13/4/2016 06:00,"пасмурно, без осадков",+2,ВЮВ,2 м/с,733
13/4/2016 09:00,"ясно, без осадков",+5,ВЮВ,2 м/с,735
13/4/2016 12:00,"пасмурно, без осадков",+9,СЗ,3 м/с,736
13/4/2016 15:00,"пасмурно, без осадков",+11,ССВ,2 м/с,736
13/4/2016 18:00,"пасмурно, без осадков",+11,ССЗ,2 м/с,736
13/4/2016 21:00,"пасмурно, без осадков",+8,ССВ,1 м/с,737
13/4/2016 24:00,"ясно, без осадков",+5,штиль,0 м/с,737
14/4/2016 00:00,"ясно, без осадков",+5,штиль,0 м/с,737
14/4/2016 03:00,"ясно, без осадков",+6,штиль,0 м/с,737
14/4/2016 06:00,"ясно, без осадков",+4,Ю,1 м/с,737
14/4/2016 09:00,"ясно, без осадков",+7,ЮЮЗ,1 м/с,738
14/4/2016 12:00,"ясно, без осадков",+13,ЮЗ,2 м/с,738
14/4/2016 15:00,"ясно, без осадков",+16,ЮЮЗ,2 м/с,737
14/4/2016 18:00,"ясно, без осадков",+16,З,1 м/с,737
14/4/2016 21:00,"ясно, без осадков",+13,штиль,0 м/с,737
14/4/2016 24:00,"ясно, без осадков",+11,штиль,0 м/с,738
15/4/2016 00:00,"ясно, без осадков",+11,штиль,0 м/с,738
15/4/2016 03:00,"ясно, без осадков",+9,ЮЮЗ,1 м/с,738
15/4/2016 06:00,"ясно, без осадков",+7,штиль,0 м/с,738
15/4/2016 09:00,"малооблачно, без осадков",+11,Ю,1 м/с,739
15/4/2016 12:00,"малооблачно, без осадков",+16,Ю,3 м/с,739
15/4/2016 15:00,"малооблачно, без осадков",+19,Ю,3 м/с,738
15/4/2016 18:00,"малооблачно, без осадков",+19,ЮЮВ,3 м/с,737
15/4/2016 21:00,"малооблачно, без осадков",+17,Ю,2 м/с,736
15/4/2016 24:00,"ясно, без осадков",+14,В,1 м/с,735
16/4/2016 00:00,"ясно, без осадков",+14,В,1 м/с,735
16/4/2016 03:00,"малооблачно, без осадков",+12,ЮЮВ,2 м/с,734
16/4/2016 06:00,"пасмурно, без осадков",+10,ЮЮВ,1 м/с,735
16/4/2016 09:00,"пасмурно, без осадков",+12,Ю,2 м/с,734
16/4/2016 12:00,"малооблачно, без осадков",+18,Ю,3 м/с,732
16/4/2016 15:00,"малооблачно, без осадков",+20,Ю,3 м/с,731
16/4/2016 18:00,"пасмурно, без осадков",+21,ЗЮЗ,1 м/с,729
16/4/2016 21:00,"малооблачно, без осадков",+16,штиль,0 м/с,729
16/4/2016 24:00,"ясно, без осадков",+12,штиль,0 м/с,729
17/4/2016 00:00,"ясно, без осадков",+12,штиль,0 м/с,729
17/4/2016 03:00,"ясно, без осадков",+7,штиль,0 м/с,728
17/4/2016 06:00,"ясно, без осадков",+8,штиль,0 м/с,728
17/4/2016 09:00,"ясно, без осадков",+14,ССВ,3 м/с,729
17/4/2016 12:00,"ясно, без осадков",+19,ССВ,3 м/с,729
17/4/2016 15:00,"малооблачно, без осадков",+21,СВ,4 м/с,729
17/4/2016 18:00,"малооблачно, без осадков",+21,СВ,3 м/с,729
17/4/2016 21:00,"ясно, без осадков",+17,СВ,2 м/с,729
17/4/2016 24:00,"ясно, без осадков",+14,ВСВ,2 м/с,730
18/4/2016 00:00,"ясно, без осадков",+14,ВСВ,2 м/с,730
18/4/2016 03:00,"ясно, без осадков",+10,штиль,0 м/с,730
18/4/2016 06:00,"ясно, без осадков",+11,В,1 м/с,731
18/4/2016 09:00,"ясно, без осадков",+13,ЮВ,1 м/с,731
18/4/2016 12:00,"ясно, без осадков",+19,ЮВ,2 м/с,731
18/4/2016 15:00,"ясно, без осадков",+23,Ю,2 м/с,730
18/4/2016 18:00,"ясно, без осадков",+25,СЗ,3 м/с,729
18/4/2016 21:00,"ясно, без осадков",+22,штиль,0 м/с,729
18/4/2016 24:00,"ясно, без осадков",+17,Ю,1 м/с,729
19/4/2016 00:00,"ясно, без осадков",+17,Ю,1 м/с,729
19/4/2016 03:00,"ясно, без осадков",+15,Ю,2 м/с,729
19/4/2016 06:00,"ясно, без осадков",+13,ЮЮЗ,2 м/с,729
19/4/2016 09:00,"малооблачно, без осадков",+16,ЮЮЗ,3 м/с,730
19/4/2016 12:00,"пасмурно, без осадков",+19,ЗЮЗ,4 м/с,730
19/4/2016 15:00,"пасмурно, без осадков",+22,Ю,7 м/с,730
19/4/2016 18:00,"малооблачно, без осадков",+21,ЮЮЗ,4 м/с,730
19/4/2016 21:00,"ясно, без осадков",+16,штиль,0 м/с,731
19/4/2016 24:00,"ясно, без осадков",+14,штиль,0 м/с,731
20/4/2016 00:00,"ясно, без осадков",+14,штиль,0 м/с,731
20/4/2016 03:00,"ясно, без осадков",+12,штиль,0 м/с,731
20/4/2016 06:00,"ясно, без осадков",+10,ЮЮВ,1 м/с,731
20/4/2016 09:00,"пасмурно, без осадков",+16,Ю,1 м/с,732
20/4/2016 12:00,"пасмурно, без осадков",+19,ЗЮЗ,2 м/с,731
20/4/2016 15:00,"пасмурно, слабый дождь",+20,ЗЮЗ,2 м/с,730
20/4/2016 18:00,"пасмурно, без осадков",+15,З,5 м/с,730
20/4/2016 21:00,"пасмурно, без осадков",+13,ЮЮЗ,1 м/с,730
20/4/2016 24:00,"облачно, без осадков",+11,ЮЮЗ,2 м/с,729
21/4/2016 00:00,"облачно, без осадков",+11,ЮЮЗ,2 м/с,729
21/4/2016 03:00,"пасмурно, без осадков",+12,ЮЮЗ,2 м/с,728
21/4/2016 06:00,"пасмурно, без осадков",+10,ЮЮЗ,2 м/с,728
21/4/2016 09:00,"пасмурно, без осадков",+14,ЮЮЗ,3 м/с,728
21/4/2016 12:00,"облачно, без осадков",+19,ЮЮЗ,4 м/с,727
21/4/2016 15:00,"пасмурно, без осадков",+21,ЮЗ,4 м/с,726
21/4/2016 18:00,"пасмурно, слабый дождь",+16,З,4 м/с,726
21/4/2016 21:00,"малооблачно, без осадков",+13,ЮЮЗ,2 м/с,727
21/4/2016 24:00,"малооблачно, без осадков",+12,Ю,2 м/с,727
22/4/2016 00:00,"малооблачно, без осадков",+12,Ю,2 м/с,727
22/4/2016 03:00,"пасмурно, без осадков",+9,ЗЮЗ,2 м/с,727
22/4/2016 06:00,"пасмурно, без осадков",+9,ЮЗ,1 м/с,728
22/4/2016 09:00,"пасмурно, слабый дождь",+9,З,2 м/с,728
22/4/2016 12:00,"пасмурно, без осадков",+12,З,3 м/с,729
22/4/2016 15:00,"пасмурно, слабый дождь",+14,СЗ,3 м/с,729
22/4/2016 18:00,"пасмурно, без осадков",+14,ЗСЗ,2 м/с,729
22/4/2016 21:00,"пасмурно, без осадков",+15,ЗСЗ,1 м/с,729
22/4/2016 24:00,"пасмурно, без осадков",+12,штиль,0 м/с,730
23/4/2016 00:00,"пасмурно, без осадков",+12,штиль,0 м/с,730
23/4/2016 03:00,"ясно, без осадков",+10,штиль,0 м/с,730
23/4/2016 06:00,"ясно, без осадков",+8,штиль,0 м/с,730
23/4/2016 09:00,"ясно, без осадков",+14,штиль,0 м/с,730
23/4/2016 12:00,"малооблачно, без осадков",+19,ЮЮЗ,1 м/с,730
23/4/2016 15:00,"малооблачно, без осадков",+21,ЗЮЗ,2 м/с,729
23/4/2016 18:00,"ясно, без осадков",+21,ЮЮЗ,2 м/с,729
23/4/2016 21:00,"малооблачно, без осадков",+17,штиль,0 м/с,729
23/4/2016 24:00,"ясно, без осадков",+14,З,2 м/с,729
24/4/2016 00:00,"ясно, без осадков",+14,З,2 м/с,729
24/4/2016 03:00,"пасмурно, слабый дождь",+12,ССЗ,2 м/с,730
24/4/2016 06:00,"пасмурно, без осадков",+10,СЗ,2 м/с,731
24/4/2016 09:00,"пасмурно, слабый дождь",+8,СЗ,2 м/с,733
24/4/2016 12:00,"пасмурно, без осадков",+8,ССВ,1 м/с,733
24/4/2016 15:00,"пасмурно, без осадков",+13,Ю,1 м/с,734
24/4/2016 18:00,"малооблачно, без осадков",+16,СЗ,2 м/с,733
24/4/2016 21:00,"ясно, без осадков",+12,ЗСЗ,2 м/с,734
24/4/2016 24:00,"ясно, без осадков",+8,штиль,0 м/с,735
25/4/2016 00:00,"ясно, без осадков",+8,штиль,0 м/с,735
25/4/2016 03:00,"ясно, без осадков",+7,штиль,0 м/с,735
25/4/2016 06:00,"ясно, без осадков",+5,штиль,0 м/с,735
25/4/2016 09:00,"ясно, без осадков",+11,З,1 м/с,736
25/4/2016 12:00,"ясно, без осадков",+15,СЗ,3 м/с,736
25/4/2016 15:00,"ясно, без осадков",+16,СЗ,3 м/с,736
25/4/2016 18:00,"ясно, без осадков",+16,С,3 м/с,735
25/4/2016 21:00,"ясно, без осадков",+11,штиль,0 м/с,736
25/4/2016 24:00,"ясно, без осадков",+9,С,1 м/с,736
26/4/2016 00:00,"ясно, без осадков",+9,С,1 м/с,736
26/4/2016 03:00,"ясно, без осадков",+4,штиль,0 м/с,736
26/4/2016 06:00,"малооблачно, без осадков",+2,штиль,0 м/с,736
26/4/2016 09:00,"малооблачно, без осадков",+10,штиль,0 м/с,736
26/4/2016 12:00,"малооблачно, без осадков",+13,ЗЮЗ,2 м/с,735
26/4/2016 15:00,"малооблачно, без осадков",+16,ЗСЗ,2 м/с,735
26/4/2016 18:00,"малооблачно, без осадков",+14,СЗ,3 м/с,734
26/4/2016 21:00,"малооблачно, без осадков",+12,ССВ,2 м/с,734
26/4/2016 24:00,"малооблачно, без осадков",+10,Ю,1 м/с,733
27/4/2016 00:00,"малооблачно, без осадков",+10,Ю,1 м/с,733
27/4/2016 03:00,"облачно, без осадков",+5,штиль,0 м/с,732
27/4/2016 06:00,"облачно, без осадков",+6,штиль,0 м/с,732
27/4/2016 09:00,"малооблачно, без осадков",+10,ССВ,2 м/с,731
27/4/2016 12:00,"малооблачно, без осадков",+14,ССЗ,1 м/с,731
27/4/2016 15:00,"пасмурно, без осадков",+15,СЗ,2 м/с,731
27/4/2016 18:00,"пасмурно, без осадков",+15,ССВ,3 м/с,731
27/4/2016 21:00,"ясно, без осадков",+9,ВСВ,3 м/с,731
27/4/2016 24:00,"ясно, без осадков",+5,ССВ,2 м/с,732
28/4/2016 00:00,"ясно, без осадков",+5,ССВ,2 м/с,732
28/4/2016 03:00,"малооблачно, без осадков",+4,ССВ,2 м/с,732
28/4/2016 06:00,"пасмурно, без осадков",+2,ССВ,2 м/с,732
28/4/2016 09:00,"малооблачно, без осадков",+6,СВ,3 м/с,732
28/4/2016 12:00,"пасмурно, без осадков",+9,СЗ,2 м/с,732
28/4/2016 15:00,"облачно, без осадков",+11,ССЗ,2 м/с,731
28/4/2016 18:00,"пасмурно, без осадков",+11,ССВ,2 м/с,731
28/4/2016 21:00,"пасмурно, без осадков",+9,ССВ,2 м/с,732
28/4/2016 24:00,"облачно, без осадков",+6,СВ,2 м/с,732
29/4/2016 00:00,"облачно, без осадков",+6,СВ,2 м/с,732
29/4/2016 03:00,"пасмурно, без осадков",+5,СВ,2 м/с,733
29/4/2016 06:00,"ясно, без осадков",+2,ССВ,1 м/с,734
29/4/2016 09:00,"ясно, без осадков",+8,СВ,2 м/с,735
29/4/2016 12:00,"пасмурно, без осадков",+12,ССВ,3 м/с,735
29/4/2016 15:00,"пасмурно, без осадков",+13,С,3 м/с,736
29/4/2016 18:00,"пасмурно, без осадков",+12,ССВ,3 м/с,737
29/4/2016 21:00,"ясно, без осадков",+9,ССВ,2 м/с,737
29/4/2016 24:00,"ясно, без осадков",+4,штиль,0 м/с,738
30/4/2016 00:00,"ясно, без осадков",+4,штиль,0 м/с,738
30/4/2016 03:00,"ясно, без осадков",+2,штиль,0 м/с,739
30/4/2016 06:00,"ясно, без осадков",+1,штиль,0 м/с,740
30/4/2016 09:00,"ясно, без осадков",+9,штиль,0 м/с,740
30/4/2016 12:00,"пасмурно, без осадков",+14,С,2 м/с,740
30/4/2016 15:00,"облачно, без осадков",+15,ЮЗ,2 м/с,739
30/4/2016 18:00,"малооблачно, без осадков",+15,З,2 м/с,738
30/4/2016 21:00,"малооблачно, без осадков",+12,ЮЮЗ,1 м/с,737
30/4/2016 24:00,"малооблачно, без осадков",+6,Ю,1 м/с,737
